ΚΩΔΙΚΟΣ ΧΡΗΣΤΗ,ΕΠΩΝΥΜΟ,ΣΥΝΑΦΕΙΑ
10251,GKRITZA,0
3697,ΑΝΤΩΝΙΟΥ,0
30653,ΑΫΦΑΝΤΟΠΟΥΛΟΥ,0
25473,Βλαχογιάννη,0
12617,ΓΑΒΑΝΑΣ,0
25967,Γερολιμίνης,0
17495,ΓΙΑΝΝΗΣ,0
19944,ΗΛΙΟΥ,0
14292,ΘΕΟΦΙΛΑΤΟΣ,0
13431,ΚΕΠΑΠΤΣΟΓΛΟΥ,0
13154,ΚΕΧΑΓΙΑ,0
1287,ΚΟΚΚΑΛΗΣ,0
13355,ΚΟΠΕΛΙΑΣ,0
18779,ΜΠΑΣΜΠΑΣ ,0
20667,Μποτζώρης,0
7202,ΝΑΘΑΝΑΗΛ,0
18765,ΠΑΠΑΓΙΑΝΝΑΚΗΣ,0
12131,ΠΟΛΙΤΗΣ,0
8884,ΣΙΖΙΟΠΙΚΟΥ,0
23070,Σπυροπούλου,0
5955,ΣΤΑΜΑΤΙΑΔΗΣ,0
8999,ΤΥΡΙΝΟΠΟΥΛΟΣ,0
12417,ΧΡΙΣΤΟΦΟΡΟΥ,0
