ΚΩΔΙΚΟΣ ΧΡΗΣΤΗ,ΕΠΩΝΥΜΟ,ΣΥΝΑΦΕΙΑ
19842,ΒΑΦΕΑΣ,1
13,ΒΟΥΓΙΑΤΖΗΣ,1
17630,ΓΚΙΝΤΙΔΗΣ,1
4017,ΙΩΑΝΝΙΔΟΥ ,1
15394,ΚΛΕΪΔΗΣ,1
17770,ΚΟΣΙΩΡΗΣ ,1
11844,ΚΟΥΚΟΥΛΟΓΙΑΝΝΗΣ,1
6130,ΜΑΡΚΑΚΗΣ,1
4915,ΜΕΛΕΤΛΙΔΟΥ,1
6742,ΜΠΑΡΜΠΑΤΗΣ,1
5109,ΠΕΤΡΟΠΟΥΛΟΥ,1
18633,ΣΧΟΙΝΑΣ ,1
13422,ΤΣΙΓΑΝΗΣ,1
3667,ΧΑΡΑΛΑΜΠΟΠΟΥΛΟΣ,1
8811,TRIVISA,0
9255,ΑΝΑΣΤΑΣΙΟΥ,0
11177,ΒΑΝΝΤΕΡΒΕΪΛΕ,0
1592,ΚΑΛΑΝΤΩΝΗΣ,0
3883,ΚΑΛΟΓΗΡΑΤΟΥ,0
10164,ΚΑΜΒΥΣΗΣ ,0
11144,ΚΑΡΑΛΗ,0
19233,ΚΑΡΑΧΑΛΙΟΣ,0
3355,ΡΑΓΓΟΣ,0
6060,ΡΟΘΟΣ,0
17261,ΣΕΒΡΟΓΛΟΥ,0
16543,ΣΜΥΡΛΗΣ,0
6476,ΤΣΙΑΝΤΟΣ,0
