ΚΩΔΙΚΟΣ ΧΡΗΣΤΗ,ΕΠΩΝΥΜΟ,ΣΥΝΑΦΕΙΑ
12797,ΑΝΑΣΤΑΣΙΑΔΗΣ,1
24858,ΑΡΓΥΡΟΥΔΗΣ,1
9188,ΚΛΗΜΗΣ,1
18415,ΜΑΚΡΑ,1
23862,Πιτιλάκης,1
8808,ASIMAKI,0
9808,ΑΝΑΓΝΩΣΤΟΠΟΥΛΟΣ,0
7865,ΑΝΑΓΝΩΣΤΟΥ,0
1962,ΑΝΑΣΤΑΣΟΠΟΥΛΟΣ,0
35127,Βεβαιακης,0
3306,ΒΡΕΤΤΟΣ,0
11665,ΓΑΡΙΝΗ,0
16621,ΓΕΡΟΛΥΜΟΣ,0
2878,ΓΕΩΡΓΙΑΔΗΣ,0
17817,ΓΕΩΡΓΙΑΝΝΟΥ,0
2705,ΖΕΚΚΟΣ,0
40269,Ζερβός,0
22760,Ζευγώλης,0
43231,Ζιωτοπούλου,0
33904,Θεοχάρης,0
15094,ΚΑΡΑΤΖΕΤΖΟΥ,0
29163,ΚΛΟΥΚΙΝΑΣ,0
36265,Κοντοέ,0
8431,ΚΩΜΟΔΡΟΜΟΣ,0
22320,Λουπασάκης,0
8071,ΜΑΡΚΟΥ,0
42279,Μαυρούλη,0
15300,ΜΠΕΛΟΚΑΣ,0
29077,Μυλωνάκης,0
22567,Παπαδημητρίου,0
2402,ΠΕΛΕΚΗΣ,0
8188,ΡΑΠΤΑΚΗΣ,0
28895,ΡΟΒΙΘΗΣ,0
20139,ΣΕΞΤΟΣ,0
20827,ΤΣΙΝΙΔΗΣ,0
19089,ΤΣΟΜΠΑΝΑΚΗΣ,0
25395,ΧΑΛΟΥΛΟΣ,0
11706,ΧΡΙΣΤΟΔΟΥΛΟΥ,0
