ΚΩΔΙΚΟΣ ΧΡΗΣΤΗ,ΕΠΩΝΥΜΟ,ΣΥΝΑΦΕΙΑ
2643,ΑΝΤΩΝΟΠΟΥΛΟΣ,1
3193,ΔΗΜΑΚΟΣ,1
26937,Καλογερόπουλος,1
16057,ΚΑΤΑΚΑΛΟΣ,1
4605,ΚΙΟΥΣΗΣ,1
16103,ΚΟΥΤΑΣ,1
42218,Λαμπρόπουλος,1
34627,Μπισκίνης,1
22815,Ρουσάκης,1
15484,ΤΑΣΤΑΝΗ,1
6099,CONSTANTINOU,0
25804,ΑΝΑΣΤΑΣΙΟΥ,0
10800,ΑΣΤΕΡΗΣ,0
23425,Βουγιούκας,0
15530,ΒΟΥΤΕΤΑΚΗ,0
9503,ΓΙΑΝΝΑΚΟΠΟΥΛΟΣ,0
4764,ΔΑΦΑΛΙΑΣ,0
17547,ΖΕΡΗΣ,0
28213,ΘΕΡΜΟΥ,0
31841,Κάππος,0
2910,ΚΟΤΡΩΝΗΣ,0
19760,ΚΟΥΡΚΟΥΛΗΣ,0
16998,ΚΩΝΣΤΑΝΤΙΝΙΔΗΣ,0
1588,ΠΑΪΠΕΤΗΣ,0
1089,ΠΑΝΤΑΖΟΠΟΥΛΟΥ,0
23150,ΠΑΠΑΚΩΝΣΤΑΝΤΙΝΟΥ,0
18206,ΠΑΠΑΜΙΧΟΣ ,0
343,ΠΑΠΑΝΙΚΟΛΑΟΥ,0
9772,ΠΡΟΒΙΔΑΚΗΣ,0
9739,ΣΙΔΕΡΗΣ,0
27792,Σπυρίδης,0
4538,ΣΤΑΥΡΟΥΛΑΚΗΣ,0
7834,ΣΤΕΦΑΝΙΔΟΥ,0
18916,ΤΡΙΑΝΤΑΦΥΛΛΟΥ,0
6223,ΧΑΤΖΗΓΕΩΡΓΙΟΥ,0
