ΚΩΔΙΚΟΣ ΧΡΗΣΤΗ,ΕΠΩΝΥΜΟ,ΣΥΝΑΦΕΙΑ
25804,ΑΝΑΣΤΑΣΙΟΥ,1
2643,ΑΝΤΩΝΟΠΟΥΛΟΣ,1
15530,ΒΟΥΤΕΤΑΚΗ,1
3193,ΔΗΜΑΚΟΣ,1
19760,ΚΟΥΡΚΟΥΛΗΣ,1
42218,Λαμπρόπουλος,1
1588,ΠΑΪΠΕΤΗΣ,1
23150,ΠΑΠΑΚΩΝΣΤΑΝΤΙΝΟΥ,1
18206,ΠΑΠΑΜΙΧΟΣ ,1
343,ΠΑΠΑΝΙΚΟΛΑΟΥ,1
19441,ΠΕΡΔΙΚΑΡΗΣ,1
18916,ΤΡΙΑΝΤΑΦΥΛΛΟΥ,1
39667,Σιδερής,0
6099,CONSTANTINOU,0
10800,ΑΣΤΕΡΗΣ,0
9503,ΓΙΑΝΝΑΚΟΠΟΥΛΟΣ,0
4764,ΔΑΦΑΛΙΑΣ,0
17547,ΖΕΡΗΣ,0
28213,ΘΕΡΜΟΥ,0
16057,ΚΑΤΑΚΑΛΟΣ,0
2910,ΚΟΤΡΩΝΗΣ,0
16998,ΚΩΝΣΤΑΝΤΙΝΙΔΗΣ,0
31610,Μάρκου,0
1089,ΠΑΝΤΑΖΟΠΟΥΛΟΥ,0
9772,ΠΡΟΒΙΔΑΚΗΣ,0
22815,Ρουσάκης,0
9739,ΣΙΔΕΡΗΣ,0
4538,ΣΤΑΥΡΟΥΛΑΚΗΣ,0
7834,ΣΤΕΦΑΝΙΔΟΥ,0
6223,ΧΑΤΖΗΓΕΩΡΓΙΟΥ,0
