ΚΩΔΙΚΟΣ ΧΡΗΣΤΗ,ΕΠΩΝΥΜΟ,ΣΥΝΑΦΕΙΑ
2643,ΑΝΤΩΝΟΠΟΥΛΟΣ,1
15530,ΒΟΥΤΕΤΑΚΗ,1
28213,ΘΕΡΜΟΥ,1
26937,Καλογερόπουλος,1
31841,Κάππος,1
17521,ΚΑΡΑΓΙΑΝΝΗΣ,1
16057,ΚΑΤΑΚΑΛΟΣ,1
16103,ΚΟΥΤΑΣ,1
42218,Λαμπρόπουλος,1
14732,ΜΠΑΔΟΓΙΑΝΝΗΣ,1
17993,ΜΠΟΥΣΙΑΣ,1
1089,ΠΑΝΤΑΖΟΠΟΥΛΟΥ,1
23150,ΠΑΠΑΚΩΝΣΤΑΝΤΙΝΟΥ,1
13819,ΠΑΠΑΝΙΚΟΛΑΟΥ,1
19441,ΠΕΡΔΙΚΑΡΗΣ,1
22815,Ρουσάκης,1
3087,ΣΑΛΟΝΙΚΙΟΣ,1
20139,ΣΕΞΤΟΣ,1
39667,Σιδερής,1
20621,Σούτσος,1
15484,ΤΑΣΤΑΝΗ,1
18916,ΤΡΙΑΝΤΑΦΥΛΛΟΥ,1
22964,Φαββατά,1
1177,ΧΑΛΙΟΡΗΣ,1
10800,ΑΣΤΕΡΗΣ,0
23425,Βουγιούκας,0
3193,ΔΗΜΑΚΟΣ,0
32885,Δημητρακόπουλος,0
17547,ΖΕΡΗΣ,0
7824,ΚΩΝΣΤΑΝΤΙΝΙΔΗΣ,0
16009,ΜΑΝΟΥΚΑΣ,0
34627,Μπισκίνης,0
343,ΠΑΠΑΝΙΚΟΛΑΟΥ,0
17376,ΡΕΠΑΠΗΣ,0
9739,ΣΙΔΕΡΗΣ,0
27792,Σπυρίδης,0
7834,ΣΤΕΦΑΝΙΔΟΥ,0
