ΚΩΔΙΚΟΣ ΧΡΗΣΤΗ,ΕΠΩΝΥΜΟ,ΣΥΝΑΦΕΙΑ
9958,ΚΑΤΩΠΟΔΗΣ,1
18173,ΠΗΛΙΝΗΣ,1
472,ΣΑΒΒΙΔΗΣ,1
17243,ΣΥΛΑΙΟΣ,1
7493,PAPANICOLAOU,0
2874,TRIANTAFYLLOU,0
17430,ΑΓΓΕΛΙΔΗΣ,0
2417,ΑΚΥΛΑΣ,0
18775,ΒΑΛΑΒΑΝΙΔΗΣ,0
51,ΓΕΩΡΓΙΟΥ,0
10830,ΔΡΙΚΑΚΗΣ,0
7714,ΚΑΝΑΚΟΥΔΗΣ,0
14031,ΚΕΡΑΜΑΡΗΣ,0
19637,ΚΟΡΡΕΣ,0
19345,ΛΕΚΚΑΣ,0
10458,ΛΟΥΚΑΣ,0
15402,ΜΑΜΑΣΗΣ,0
1267,ΜΟΥΤΣΟΠΟΥΛΟΣ,0
23475,Νουτσόπουλος,0
9779,ΠΑΥΛΟΣΤΑΘΗΣ,0
950,ΣΑΠΟΥΝΤΖΗΣ,0
17604,ΤΟΥΡΛΙΔΑΚΗΣ ,0
24711,ΦΟΥΡΝΙΩΤΗΣ,0
8134,ΨΙΛΟΒΙΚΟΣ,0
