ΚΩΔΙΚΟΣ ΧΡΗΣΤΗ,ΕΠΩΝΥΜΟ,ΣΥΝΑΦΕΙΑ
14031,ΚΕΡΑΜΑΡΗΣ,1
7493,PAPANICOLAOU,0
17430,ΑΓΓΕΛΙΔΗΣ,0
21729,Ακράτος,0
18775,ΒΑΛΑΒΑΝΙΔΗΣ,0
51,ΓΕΩΡΓΙΟΥ,0
19132,ΓΡΗΓΟΡΟΠΟΥΛΟΣ,0
74,ΔΕΡΚΑΣ,0
20556,ΖΑΦΕΙΡΑΚΟΥ,0
3537,ΖΑΧΑΡΙΑΣ,0
4675,ΘΕΟΔΟΣΙΟΥ,0
19961,ΚΑΛΦΑΣ,0
7714,ΚΑΝΑΚΟΥΔΗΣ,0
351,ΚΑΡΠΟΥΖΟΣ,0
21798,Λαγγούσης,0
10458,ΛΟΥΚΑΣ,0
20876,Λουκογεωργάκη,0
15354,ΜΑΚΡΟΠΟΥΛΟΣ,0
25041,Μαναριώτης,0
1267,ΜΟΥΤΣΟΠΟΥΛΟΣ,0
5715,ΜΠΑΛΤΑΣ,0
472,ΣΑΒΒΙΔΗΣ,0
950,ΣΑΠΟΥΝΤΖΗΣ,0
24711,ΦΟΥΡΝΙΩΤΗΣ,0
