ΚΩΔΙΚΟΣ ΧΡΗΣΤΗ,ΕΠΩΝΥΜΟ,ΣΥΝΑΦΕΙΑ
8002,LIGNOS,1
20766,Βαμβάτσικος,1
25665,ΒΑΣΔΡΑΒΕΛΛΗΣ,1
17254,ΓΑΝΤΕΣ,1
13846,ΕΥΘΥΜΙΟΥ,1
28421,Θανόπουλος,1
16134,ΚΑΡΑΒΑΣΙΛΗΣ,1
17889,ΚΑΡΑΜΑΝΟΣ,1
15113,ΚΟΛΤΣΑΚΗΣ,1
4279,ΜΥΣΤΑΚΙΔΗΣ,1
5057,ΤΣΑΒΔΑΡΙΔΗΣ,1
4391,ΧΡΙΣΤΟΠΟΥΛΟΣ,1
3728,KARDOMATEAS,0
31149,Γερασιμίδης,0
9503,ΓΙΑΝΝΑΚΟΠΟΥΛΟΣ,0
5512,ΚΑΖΙΟΛΑΣ,0
5509,ΚΕΡΜΑΝΙΔΗΣ,0
5380,ΛΑΜΠΕΑΣ,0
13296,ΜΑΓΕΙΡΟΥ,0
12725,ΠΑΠΑΓΙΑΝΝΟΠΟΥΛΟΣ,0
19424,ΠΝΕΥΜΑΤΙΚΟΣ,0
4943,ΣΟΦΙΑΝΟΠΟΥΛΟΣ,0
18088,ΤΖΟΥΡΜΑΚΛΙΩΤΟΥ,0
38456,Τσαλκατίδης,0
475,ΧΑΤΖΗ,0
5392,ΧΑΤΖΗΓΕΩΡΓΙΟΥ,0
