ΚΩΔΙΚΟΣ ΧΡΗΣΤΗ,ΕΠΩΝΥΜΟ,ΣΥΝΑΦΕΙΑ
8002,LIGNOS,1
2417,ΑΚΥΛΑΣ,1
51,ΓΕΩΡΓΙΟΥ,1
18854,ΗΛΙΑΔΗΣ,1
17889,ΚΑΡΑΜΑΝΟΣ,1
14962,ΛΑΓΑΡΟΣ,1
6828,ΠΑΝΑΓΟΥΛΗ,1
13819,ΠΑΠΑΝΙΚΟΛΑΟΥ,1
18955,ΤΣΙΑΤΑΣ,1
16573,ΦΡΑΓΚΙΑΔΑΚΗΣ,1
17430,ΑΓΓΕΛΙΔΗΣ,0
9255,ΑΝΑΣΤΑΣΙΟΥ,0
18775,ΒΑΛΑΒΑΝΙΔΗΣ,0
20766,Βαμβάτσικος,0
13,ΒΟΥΓΙΑΤΖΗΣ,0
11665,ΓΑΡΙΝΗ,0
16621,ΓΕΡΟΛΥΜΟΣ,0
2878,ΓΕΩΡΓΙΑΔΗΣ,0
866,ΔΗΜΑΣ,0
4948,ΕΛΕΝΑΣ,0
29973,Καββαδίας,0
7714,ΚΑΝΑΚΟΥΔΗΣ,0
18698,ΚΑΡΑΜΠΑΣ,0
378,ΚΟΚΚΙΝΟΣ,0
36265,Κοντοέ,0
11844,ΚΟΥΚΟΥΛΟΓΙΑΝΝΗΣ,0
16843,ΚΤΕΝΙΔΟΥ,0
8431,ΚΩΜΟΔΡΟΜΟΣ,0
21798,Λαγγούσης,0
18803,ΜΟΡΦΙΔΗΣ,0
18045,ΜΟΥΣΑΣ,0
10595,ΜΠΑΛΟΠΟΥΛΟΣ,0
16416,ΣΑΜΑΡΑΣ,0
20139,ΣΕΞΤΟΣ,0
4538,ΣΤΑΥΡΟΥΛΑΚΗΣ,0
13422,ΤΣΙΓΑΝΗΣ,0
20827,ΤΣΙΝΙΔΗΣ,0
24711,ΦΟΥΡΝΙΩΤΗΣ,0
