ΚΩΔΙΚΟΣ ΧΡΗΣΤΗ,ΕΠΩΝΥΜΟ,ΣΥΝΑΦΕΙΑ
6099,CONSTANTINOU,1
32885,Δημητρακόπουλος,1
17521,ΚΑΡΑΓΙΑΝΝΗΣ,1
7824,ΚΩΝΣΤΑΝΤΙΝΙΔΗΣ,1
24857,ΜΗΤΟΥΛΗΣ,1
1089,ΠΑΝΤΑΖΟΠΟΥΛΟΥ,1
13819,ΠΑΠΑΝΙΚΟΛΑΟΥ,1
19441,ΠΕΡΔΙΚΑΡΗΣ,1
3087,ΣΑΛΟΝΙΚΙΟΣ,1
18296,ΣΑΠΟΥΝΤΖΑΚΗΣ,1
20139,ΣΕΞΤΟΣ,1
39667,Σιδερής,1
5357,ΤΑΦΛΑΝΙΔΗΣ,1
4391,ΧΡΙΣΤΟΠΟΥΛΟΣ,1
20766,Βαμβάτσικος,0
17547,ΖΕΡΗΣ,0
31841,Κάππος,0
16057,ΚΑΤΑΚΑΛΟΣ,0
31610,Μάρκου,0
18803,ΜΟΡΦΙΔΗΣ,0
22815,Ρουσάκης,0
19089,ΤΣΟΜΠΑΝΑΚΗΣ,0
16573,ΦΡΑΓΚΙΑΔΑΚΗΣ,0
1177,ΧΑΛΙΟΡΗΣ,0
