ΚΩΔΙΚΟΣ ΧΡΗΣΤΗ,ΕΠΩΝΥΜΟ,ΣΥΝΑΦΕΙΑ
20113,ΜΑΡΙΝΕΛΛΗ,1
6414,HADJIMITSIS,0
8566,TSINOPOULOS,0
24042,Αντωνίου,0
20828,ΑΡΕΤΟΥΛΗΣ,0
22278,ΒΑΓΙΩΝΑ,0
22609,Δημητρίου,0
9243,ΔΟΥΝΙΑΣ,0
29302,ΙΣΡΑΗΛΙΔΗΣ ΑΝΤΩΝΙΟΥ,0
514,ΚΑΒΑΔΙΑΣ,0
9068,ΚΑΖΑΝΤΖΗΣ,0
517,ΚΑΙΣΑΡ,0
17424,ΚΗΡΥΤΤΟΠΟΥΛΟΣ,0
406,ΜΠΛΑΝΑΣ,0
11317,ΜΠΟΥΣΤΡΑΣ,0
22264,ΞΕΝΙΔΗΣ,0
26136,Ονουφρίου,0
17488,ΠΑΝΤΟΥΒΑΚΗΣ,0
11864,ΠΕΤΡΟΥΤΣΑΤΟΥ,0
20118,ΣΑΡΗΓΙΑΝΝΙΔΗΣ,0
2237,ΦΙΤΣΙΛΗΣ,0
18462,ΧΑΣΙΑΚΟΣ,0
941,ΧΡΙΣΤΟΔΟΥΛΟΥ,0
