ΚΩΔΙΚΟΣ ΧΡΗΣΤΗ,ΕΠΩΝΥΜΟ,ΣΥΝΑΦΕΙΑ
19805,ΒΑΜΒΑΚΑΡΗ,1
18866,ΒΑΣΔΕΚΗΣ,1
5761,ΒΟΝΤΑ,1
1685,ΒΡΟΝΤΟΣ,1
21263,Δάρας,1
17408,ΔΕΛΛΑΠΟΡΤΑΣ,1
6535,ΖΑΖΑΝΗΣ,1
9325,ΖΩΓΡΑΦΟΣ,1
756,ΗΛΙΟΠΟΥΛΟΣ ,1
306,ΙΩΑΝΝΙΔΗΣ,1
17286,ΚΑΡΑΓΡΗΓΟΡΙΟΥ,1
1636,ΚΑΡΛΗΣ,1
11594,ΜΠΕΣΜΠΕΑΣ,1
19153,ΝΤΖΟΥΦΡΑΣ,1
21443,Οικονόμου,1
6999,ΠΑΠΑΓΕΩΡΓΙΟΥ,1
18558,ΠΑΠΑΔΑΤΟΣ,1
14239,ΠΕΤΡΟΠΟΥΛΟΣ,1
17498,ΤΖΑΒΕΛΑΣ,1
916,ΤΣΙΑΜΥΡΤΖΗΣ,1
19377,ΦΟΥΣΚΑΚΗΣ,1
2953,ΨΑΡΑΚΗΣ,1
5111,ΑΔΑΜΙΔΗΣ,0
19875,ΑΝΤΖΟΥΛΑΚΟΣ ,0
17551,ΓΙΑΝΝΑΚΟΠΟΥΛΟΣ,0
8355,ΕΥΑΓΓΕΛΑΡΑΣ,0
18580,ΚΟΥΓΙΟΥΜΤΖΗΣ,0
5932,ΚΟΥΚΟΥΒΙΝΟΣ,0
9830,ΜΠΕΣΚΟΣ,0
8244,ΧΑΤΖΗΚΩΝΣΤΑΝΤΙΝΙΔΗΣ,0
17880,ΧΑΤΖΗΠΑΝΤΕΛΗΣ,0
