ΚΩΔΙΚΟΣ ΧΡΗΣΤΗ,ΕΠΩΝΥΜΟ,ΣΥΝΑΦΕΙΑ
8002,LIGNOS,1
20766,Βαμβάτσικος,1
17254,ΓΑΝΤΕΣ,1
5057,ΤΣΑΒΔΑΡΙΔΗΣ,1
4391,ΧΡΙΣΤΟΠΟΥΛΟΣ,1
6099,CONSTANTINOU,0
25665,ΒΑΣΔΡΑΒΕΛΛΗΣ,0
31149,Γερασιμίδης,0
13846,ΕΥΘΥΜΙΟΥ,0
28421,Θανόπουλος,0
5512,ΚΑΖΙΟΛΑΣ,0
16134,ΚΑΡΑΒΑΣΙΛΗΣ,0
17889,ΚΑΡΑΜΑΝΟΣ,0
15113,ΚΟΛΤΣΑΚΗΣ,0
14962,ΛΑΓΑΡΟΣ,0
13296,ΜΑΓΕΙΡΟΥ,0
24857,ΜΗΤΟΥΛΗΣ,0
4279,ΜΥΣΤΑΚΙΔΗΣ,0
12725,ΠΑΠΑΓΙΑΝΝΟΠΟΥΛΟΣ,0
19424,ΠΝΕΥΜΑΤΙΚΟΣ,0
20139,ΣΕΞΤΟΣ,0
4943,ΣΟΦΙΑΝΟΠΟΥΛΟΣ,0
5357,ΤΑΦΛΑΝΙΔΗΣ,0
18088,ΤΖΟΥΡΜΑΚΛΙΩΤΟΥ,0
19089,ΤΣΟΜΠΑΝΑΚΗΣ,0
10181,ΤΣΟΠΕΛΑΣ,0
16573,ΦΡΑΓΚΙΑΔΑΚΗΣ,0
21919,Χαρμπής,0
475,ΧΑΤΖΗ,0
5392,ΧΑΤΖΗΓΕΩΡΓΙΟΥ,0
