ΚΩΔΙΚΟΣ ΧΡΗΣΤΗ,ΕΠΩΝΥΜΟ,ΣΥΝΑΦΕΙΑ
24082,ΑΣΤΕΡΙΟΥ,1
13087,ΔΕΠΟΥΝΤΗΣ,1
12856,ΕΦΡΑΙΜΙΔΗΣ,1
22320,Λουπασάκης,1
20549,Μαρίνος,1
4475,ΜΠΑΚΑΣΗΣ,1
18855,ΝΟΜΙΚΟΣ,1
11876,ΠΑΠΑΘΑΝΑΣΙΟΥ,1
25330,Παρασκευοπούλου,1
10244,ΣΤΑΥΡΟΠΟΥΛΟΥ,1
18427,ΣΤΕΙΑΚΑΚΗΣ,1
9186,ΑΓΙΟΥΤΑΝΤΗΣ,0
7865,ΑΝΑΓΝΩΣΤΟΥ,0
17764,ΒΟΥΔΟΥΡΗΣ,0
2843,ΕΞΑΔΑΚΤΥΛΟΣ,0
7609,ΖΑΜΠΕΤΑΚΗ-ΛΕΚΚΑ,0
17610,ΖΕΛΗΛΙΔΗΣ,0
22760,Ζευγώλης,0
12351,ΗΛΙΟΠΟΥΛΟΣ,0
9188,ΚΛΗΜΗΣ,0
1753,ΚΟΚΚΑΛΑΣ,0
4046,ΚΟΥΚΟΥΒΕΛΑΣ,0
11716,ΚΡΑΝΗΣ,0
2623,ΛΟΖΙΟΣ,0
34404,Μανάκου,0
18826,ΜΑΝΟΥΤΣΟΓΛΟΥ,0
21109,Μαραβέλης,0
29331,Μαρσέλλος,0
42279,Μαυρούλη,0
19774,ΜΕΛΗΣ,0
8320,ΞΥΠΟΛΙΑΣ,0
19601,ΠΑΠΑΖΑΧΟΣ,0
6583,ΠΑΠΑΘΕΟΔΩΡΟΥ,0
7914,ΠΑΠΑΝΑΣΤΑΣΙΟΥ,0
13057,ΠΑΠΑΝΙΚΟΛΑΟΥ,0
14668,ΣΚΟΥΡΤΣΟΣ,0
10163,ΣΩΚΟΣ,0
18093,ΤΡΑΝΟΣ,0
20823,Χατζηπέτρος,0
