ΚΩΔΙΚΟΣ ΧΡΗΣΤΗ,ΕΠΩΝΥΜΟ,ΣΥΝΑΦΕΙΑ
10800,ΑΣΤΕΡΗΣ,1
17547,ΖΕΡΗΣ,1
31841,Κάππος,1
17521,ΚΑΡΑΓΙΑΝΝΗΣ,1
14962,ΛΑΓΑΡΟΣ,1
18803,ΜΟΡΦΙΔΗΣ,1
34627,Μπισκίνης,1
1089,ΠΑΝΤΑΖΟΠΟΥΛΟΥ,1
13819,ΠΑΠΑΝΙΚΟΛΑΟΥ,1
17376,ΡΕΠΑΠΗΣ,1
3087,ΣΑΛΟΝΙΚΙΟΣ,1
20139,ΣΕΞΤΟΣ,1
22964,Φαββατά,1
16573,ΦΡΑΓΚΙΑΔΑΚΗΣ,1
4391,ΧΡΙΣΤΟΠΟΥΛΟΣ,1
2643,ΑΝΤΩΝΟΠΟΥΛΟΣ,0
20766,Βαμβάτσικος,0
15530,ΒΟΥΤΕΤΑΚΗ,0
7265,ΓΕΩΡΓΟΥΣΗΣ,0
4605,ΚΙΟΥΣΗΣ,0
7824,ΚΩΝΣΤΑΝΤΙΝΙΔΗΣ,0
25803,ΜΑΚΑΡΙΟΣ,0
24857,ΜΗΤΟΥΛΗΣ,0
8470,ΜΠΑΛΤΖΟΠΟΥΛΟΥ,0
17993,ΜΠΟΥΣΙΑΣ,0
4279,ΜΥΣΤΑΚΙΔΗΣ,0
12725,ΠΑΠΑΓΙΑΝΝΟΠΟΥΛΟΣ,0
23862,Πιτιλάκης,0
22815,Ρουσάκης,0
39667,Σιδερής,0
