ΚΩΔΙΚΟΣ ΧΡΗΣΤΗ,ΕΠΩΝΥΜΟ,ΣΥΝΑΦΕΙΑ
16621,ΓΕΡΟΛΥΜΟΣ,1
9188,ΚΛΗΜΗΣ,1
36265,ΚΟΝΤΟΕ,1
29077,ΜΥΛΩΝΑΚΗΣ,1
23862,Πιτιλάκης,1
28895,ΡΟΒΙΘΗΣ,1
20827,ΤΣΙΝΙΔΗΣ,1
8808,ASIMAKI,0
9808,ΑΝΑΓΝΩΣΤΟΠΟΥΛΟΣ,0
7865,ΑΝΑΓΝΩΣΤΟΥ,0
12797,ΑΝΑΣΤΑΣΙΑΔΗΣ,0
1962,ΑΝΑΣΤΑΣΟΠΟΥΛΟΣ,0
24858,ΑΡΓΥΡΟΥΔΗΣ,0
35127,Βεβαιακης,0
3306,ΒΡΕΤΤΟΣ,0
11665,ΓΑΡΙΝΗ,0
2878,ΓΕΩΡΓΙΑΔΗΣ,0
17817,ΓΕΩΡΓΙΑΝΝΟΥ,0
2705,ΖΕΚΚΟΣ,0
40269,Ζερβός,0
22760,Ζευγώλης,0
43231,Ζιωτοπούλου,0
19907,ΘΕΟΔΟΥΛΙΔΗΣ,0
33904,Θεοχάρης,0
15094,ΚΑΡΑΤΖΕΤΖΟΥ,0
29163,ΚΛΟΥΚΙΝΑΣ,0
2910,ΚΟΤΡΩΝΗΣ,0
8431,ΚΩΜΟΔΡΟΜΟΣ,0
22320,Λουπασάκης,0
18415,ΜΑΚΡΑ,0
8071,ΜΑΡΚΟΥ,0
42279,Μαυρούλη,0
15300,ΜΠΕΛΟΚΑΣ,0
22567,Παπαδημητρίου,0
6583,ΠΑΠΑΘΕΟΔΩΡΟΥ,0
2402,ΠΕΛΕΚΗΣ,0
8188,ΡΑΠΤΑΚΗΣ,0
20139,ΣΕΞΤΟΣ,0
18930,ΤΙΚΑ-ΒΑΣΙΛΙΚΟΥ,0
19089,ΤΣΟΜΠΑΝΑΚΗΣ,0
25395,ΧΑΛΟΥΛΟΣ,0
11706,ΧΡΙΣΤΟΔΟΥΛΟΥ,0
