ΚΩΔΙΚΟΣ ΧΡΗΣΤΗ,ΕΠΩΝΥΜΟ,ΣΥΝΑΦΕΙΑ
20766,Βαμβάτσικος,1
17521,ΚΑΡΑΓΙΑΝΝΗΣ,1
2910,ΚΟΤΡΩΝΗΣ,1
25803,ΜΑΚΑΡΙΟΣ,1
1089,ΠΑΝΤΑΖΟΠΟΥΛΟΥ,1
10168,ΠΑΠΑΛΟΥ,1
20139,ΣΕΞΤΟΣ,1
5357,ΤΑΦΛΑΝΙΔΗΣ,1
19089,ΤΣΟΜΠΑΝΑΚΗΣ,1
16573,ΦΡΑΓΚΙΑΔΑΚΗΣ,1
4391,ΧΡΙΣΤΟΠΟΥΛΟΣ,1
6655,ΔΕΟΔΑΤΗΣ,0
4948,ΕΛΕΝΑΣ,0
5512,ΚΑΖΙΟΛΑΣ,0
14962,ΛΑΓΑΡΟΣ,0
31610,Μάρκου,0
24857,ΜΗΤΟΥΛΗΣ,0
18803,ΜΟΡΦΙΔΗΣ,0
12725,ΠΑΠΑΓΙΑΝΝΟΠΟΥΛΟΣ,0
37383,ΣΚΑΛΩΜΕΝΟΣ,0
4538,ΣΤΑΥΡΟΥΛΑΚΗΣ,0
10181,ΤΣΟΠΕΛΑΣ,0
22964,Φαββατά,0
21919,Χαρμπής,0
