ΚΩΔΙΚΟΣ ΧΡΗΣΤΗ,ΕΠΩΝΥΜΟ,ΣΥΝΑΦΕΙΑ
18384,ΒΟΥΛΓΑΡΗΣ,1
19907,ΘΕΟΔΟΥΛΙΔΗΣ,1
8272,ΚΑΡΑΚΩΣΤΑΣ,1
16843,ΚΤΕΝΙΔΟΥ,1
10163,ΣΩΚΟΣ,1
30572,Ευαγγελίδης,0
27736,Καβύρης,0
17854,ΚΑΡΑΣΤΑΘΗΣ,0
26131,Κασσάρας,0
9188,ΚΛΗΜΗΣ,0
4046,ΚΟΥΚΟΥΒΕΛΑΣ,0
17582,ΜΑΡΙΑ,0
19774,ΜΕΛΗΣ,0
8320,ΞΥΠΟΛΙΑΣ,0
19697,ΠΑΠΑΔΗΜΗΤΡΙΟΥ,0
19601,ΠΑΠΑΖΑΧΟΣ,0
8188,ΡΑΠΤΑΚΗΣ,0
13357,ΡΟΥΜΕΛΙΩΤΗ,0
19460,ΣΚΟΡΔΥΛΗΣ,0
2027,ΤΣΕΛΕΝΤΗΣ,0
8599,ΧΑΤΖΗΔΗΜΗΤΡΙΟΥ,0
30559,ΧΟΥΣΙΑΝΙΤΗΣ,0
