ΚΩΔΙΚΟΣ ΧΡΗΣΤΗ,ΕΠΩΝΥΜΟ,ΣΥΝΑΦΕΙΑ
17430,ΑΓΓΕΛΙΔΗΣ,1
4675,ΘΕΟΔΟΣΙΟΥ,1
6669,ΚΩΤΣΟΠΟΥΛΟΣ,1
21798,Λαγγούσης,1
17792,ΛΑΣΠΙΔΟΥ,1
10458,ΛΟΥΚΑΣ,1
25851,ΜΑΛΛΙΟΣ,1
15354,ΜΑΚΡΟΠΟΥΛΟΣ,1
15402,ΜΑΜΑΣΗΣ,1
1267,ΜΟΥΤΣΟΠΟΥΛΟΣ,1
5715,ΜΠΑΛΤΑΣ,1
10413,ΜΥΛΟΠΟΥΛΟΣ,1
18661,ΜΥΛΟΠΟΥΛΟΣ,1
4656,ΝΑΛΜΠΑΝΤΗΣ,1
21729,Ακράτος,0
2417,ΑΚΥΛΑΣ,0
3817,ΓΕΩΡΓΑΚΑΚΟΣ,0
17666,ΔΗΜΗΤΡΙΟΥ,0
3537,ΖΑΧΑΡΙΑΣ,0
7714,ΚΑΝΑΚΟΥΔΗΣ,0
351,ΚΑΡΠΟΥΖΟΣ,0
14031,ΚΕΡΑΜΑΡΗΣ,0
7301,ΚΟΛΟΚΥΘΑ,0
17243,ΣΥΛΑΙΟΣ,0
8134,ΨΙΛΟΒΙΚΟΣ,0
