ΚΩΔΙΚΟΣ ΧΡΗΣΤΗ,ΕΠΩΝΥΜΟ,ΣΥΝΑΦΕΙΑ
7714,ΚΑΝΑΚΟΥΔΗΣ,1
21798,Λαγγούσης,1
19210,ΜΑΜΑΗΣ,1
7493,PAPANICOLAOU,0
17430,ΑΓΓΕΛΙΔΗΣ,0
21729,Ακράτος,0
18775,ΒΑΛΑΒΑΝΙΔΗΣ,0
17666,ΔΗΜΗΤΡΙΟΥ,0
20556,ΖΑΦΕΙΡΑΚΟΥ,0
3537,ΖΑΧΑΡΙΑΣ,0
4675,ΘΕΟΔΟΣΙΟΥ,0
351,ΚΑΡΠΟΥΖΟΣ,0
14031,ΚΕΡΑΜΑΡΗΣ,0
7301,ΚΟΛΟΚΥΘΑ,0
10458,ΛΟΥΚΑΣ,0
15354,ΜΑΚΡΟΠΟΥΛΟΣ,0
15402,ΜΑΜΑΣΗΣ,0
7583,ΜΑΡΗΣ,0
1267,ΜΟΥΤΣΟΠΟΥΛΟΣ,0
5715,ΜΠΑΛΤΑΣ,0
472,ΣΑΒΒΙΔΗΣ,0
2659,ΣΑΜΑΡΑΣ,0
24711,ΦΟΥΡΝΙΩΤΗΣ,0
