ΚΩΔΙΚΟΣ ΧΡΗΣΤΗ,ΕΠΩΝΥΜΟ,ΣΥΝΑΦΕΙΑ
6655,ΔΕΟΔΑΤΗΣ,1
4948,ΕΛΕΝΑΣ,1
29973,Καββαδίας,1
25803,ΜΑΚΑΡΙΟΣ,1
4279,ΜΥΣΤΑΚΙΔΗΣ,1
18296,ΣΑΠΟΥΝΤΖΑΚΗΣ,1
20873,Στεφάνου,1
10181,ΤΣΟΠΕΛΑΣ,1
22964,Φαββατά,1
6099,CONSTANTINOU,0
10800,ΑΣΤΕΡΗΣ,0
17254,ΓΑΝΤΕΣ,0
9503,ΓΙΑΝΝΑΚΟΠΟΥΛΟΣ,0
4764,ΔΑΦΑΛΙΑΣ,0
5512,ΚΑΖΙΟΛΑΣ,0
17889,ΚΑΡΑΜΑΝΟΣ,0
378,ΚΟΚΚΙΝΟΣ,0
2910,ΚΟΤΡΩΝΗΣ,0
14962,ΛΑΓΑΡΟΣ,0
24857,ΜΗΤΟΥΛΗΣ,0
18803,ΜΟΡΦΙΔΗΣ,0
10595,ΜΠΑΛΟΠΟΥΛΟΣ,0
6828,ΠΑΝΑΓΟΥΛΗ,0
1089,ΠΑΝΤΑΖΟΠΟΥΛΟΥ,0
12725,ΠΑΠΑΓΙΑΝΝΟΠΟΥΛΟΣ,0
5762,ΠΑΠΑΔΗΜΗΤΡΙΟΥ,0
10168,ΠΑΠΑΛΟΥ,0
20139,ΣΕΞΤΟΣ,0
37383,ΣΚΑΛΩΜΕΝΟΣ,0
4943,ΣΟΦΙΑΝΟΠΟΥΛΟΣ,0
4538,ΣΤΑΥΡΟΥΛΑΚΗΣ,0
5357,ΤΑΦΛΑΝΙΔΗΣ,0
19089,ΤΣΟΜΠΑΝΑΚΗΣ,0
16573,ΦΡΑΓΚΙΑΔΑΚΗΣ,0
21919,Χαρμπής,0
6223,ΧΑΤΖΗΓΕΩΡΓΙΟΥ,0
