ΚΩΔΙΚΟΣ ΧΡΗΣΤΗ,ΕΠΩΝΥΜΟ,ΣΥΝΑΦΕΙΑ
16057,ΚΑΤΑΚΑΛΟΣ,1
16998,ΚΩΝΣΤΑΝΤΙΝΙΔΗΣ,1
23150,ΠΑΠΑΚΩΝΣΤΑΝΤΙΝΟΥ,1
18206,ΠΑΠΑΜΙΧΟΣ ,1
343,ΠΑΠΑΝΙΚΟΛΑΟΥ,1
9772,ΠΡΟΒΙΔΑΚΗΣ,1
9739,ΣΙΔΕΡΗΣ,1
18916,ΤΡΙΑΝΤΑΦΥΛΛΟΥ,1
6223,ΧΑΤΖΗΓΕΩΡΓΙΟΥ,1
6099,CONSTANTINOU,0
25804,ΑΝΑΣΤΑΣΙΟΥ,0
10800,ΑΣΤΕΡΗΣ,0
9503,ΓΙΑΝΝΑΚΟΠΟΥΛΟΣ,0
2910,ΚΟΤΡΩΝΗΣ,0
19760,ΚΟΥΡΚΟΥΛΗΣ,0
28567,Κωτσοβίνος,0
10595,ΜΠΑΛΟΠΟΥΛΟΣ,0
1588,ΠΑΪΠΕΤΗΣ,0
1089,ΠΑΝΤΑΖΟΠΟΥΛΟΥ,0
22815,Ρουσάκης,0
4538,ΣΤΑΥΡΟΥΛΑΚΗΣ,0
7834,ΣΤΕΦΑΝΙΔΟΥ,0
