ΚΩΔΙΚΟΣ ΧΡΗΣΤΗ,ΕΠΩΝΥΜΟ,ΣΥΝΑΦΕΙΑ
17254,ΓΑΝΤΕΣ,1
9503,ΓΙΑΝΝΑΚΟΠΟΥΛΟΣ,1
4764,ΔΑΦΑΛΙΑΣ,1
6655,ΔΕΟΔΑΤΗΣ,1
5512,ΚΑΖΙΟΛΑΣ,1
17889,ΚΑΡΑΜΑΝΟΣ,1
378,ΚΟΚΚΙΝΟΣ,1
4279,ΜΥΣΤΑΚΙΔΗΣ,1
18296,ΣΑΠΟΥΝΤΖΑΚΗΣ,1
4943,ΣΟΦΙΑΝΟΠΟΥΛΟΣ,1
4538,ΣΤΑΥΡΟΥΛΑΚΗΣ,1
5357,ΤΑΦΛΑΝΙΔΗΣ,1
6099,CONSTANTINOU,0
10800,ΑΣΤΕΡΗΣ,0
2910,ΚΟΤΡΩΝΗΣ,0
30968,Μαρκίδης,0
24857,ΜΗΤΟΥΛΗΣ,0
10595,ΜΠΑΛΟΠΟΥΛΟΣ,0
19089,ΤΣΟΜΠΑΝΑΚΗΣ,0
10181,ΤΣΟΠΕΛΑΣ,0
21919,Χαρμπής,0
6223,ΧΑΤΖΗΓΕΩΡΓΙΟΥ,0
