ΚΩΔΙΚΟΣ ΧΡΗΣΤΗ,ΕΠΩΝΥΜΟ,ΣΥΝΑΦΕΙΑ
18950,ΑΜΕΡΙΚΑΝΟΥ,0
11685,ΑΣΛΑΝΙΔΗΣ,0
23197,ΒΑΣΙΛΑΤΟΣ,0
27571,ΒΛΑΧΟΣ,0
6493,ΒΟΖΑΝΗ,0
25974,ΒΡΟΝΤΙΣΗ,0
12973,ΓΥΙΟΚΑ,0
15120,ΔΟΥΣΗ,0
16342,ΘΕΟΔΟΣΙΟΥ,0
14791,ΘΩΜΟΠΟΥΛΟΣ,0
22605,ΙΩΑΝΝΙΔΗΣ,0
11842,ΚΑΤΣΑΡΟΣ,0
12112,ΚΟΝΤΑΞΑΚΗΣ,0
25805,ΚΟΝΤΟΛΕΩΝ,0
18544,ΚΟΥΦΟΠΟΥΛΟΣ,0
5951,ΚΩΤΣΑΚΗ,0
13287,ΚΩΤΣΟΠΟΥΛΟΣ,0
11575,ΛΑΒΒΑ,0
4352,ΜΑΜΑΛΟΥΚΟΣ,0
19501,ΜΑΡΑΒΕΛΑΚΗ,0
11377,ΜΟΥΤΣΟΠΟΥΛΟΣ ,0
14255,ΡΙΤΖΟΥΛΗ,0
12077,ΤΣΑΡΑΣ ,0
13088,ΤΣΙΚΑΛΟΥΔΑΚΗ,0
16524,ΧΑΤΖΗΓΙΑΝΝΟΠΟΥΛΟΣ,0
