ΚΩΔΙΚΟΣ ΧΡΗΣΤΗ,ΕΠΩΝΥΜΟ,ΣΥΝΑΦΕΙΑ
20556,ΖΑΦΕΙΡΑΚΟΥ,1
7707,ΚΟΥΓΚΟΛΟΣ,1
19210,ΜΑΜΑΗΣ,1
25041,Μαναριώτης,1
23475,Νουτσόπουλος,1
7648,KORFIATIS,0
17430,ΑΓΓΕΛΙΔΗΣ,0
21729,Ακράτος,0
16380,ΔΗΜΟΥΔΗ,0
10153,ΚΑΛΑΒΡΟΥΖΙΩΤΗΣ,0
14031,ΚΕΡΑΜΑΡΗΣ,0
3113,ΚΟΜΙΛΗΣ,0
18010,ΚΟΡΝΑΡΟΣ,0
17792,ΛΑΣΠΙΔΟΥ,0
15402,ΜΑΜΑΣΗΣ,0
17580,ΜΑΝΤΖΑΒΙΝΟΣ,0
17937,ΜΕΛΙΔΗΣ,0
8706,ΠΑΠΑΔΟΠΟΥΛΟΥ,0
9779,ΠΑΥΛΟΣΤΑΘΗΣ,0
950,ΣΑΠΟΥΝΤΖΗΣ,0
4959,ΣΤΑΜΑΤΕΛΑΤΟΥ,0
9198,ΧΡΙΣΤΟΔΟΥΛΑΤΟΣ,0
