ΚΩΔΙΚΟΣ ΧΡΗΣΤΗ,ΕΠΩΝΥΜΟ,ΣΥΝΑΦΕΙΑ
6099,CONSTANTINOU,1
6655,ΔΕΟΔΑΤΗΣ,1
4948,ΕΛΕΝΑΣ,1
17889,ΚΑΡΑΜΑΝΟΣ,1
378,ΚΟΚΚΙΝΟΣ,1
2910,ΚΟΤΡΩΝΗΣ,1
14962,ΛΑΓΑΡΟΣ,1
10595,ΜΠΑΛΟΠΟΥΛΟΣ,1
6828,ΠΑΝΑΓΟΥΛΗ,1
18296,ΣΑΠΟΥΝΤΖΑΚΗΣ,1
20873,Στεφάνου,1
16573,ΦΡΑΓΚΙΑΔΑΚΗΣ,1
10800,ΑΣΤΕΡΗΣ,0
29973,Καββαδίας,0
5512,ΚΑΖΙΟΛΑΣ,0
17521,ΚΑΡΑΓΙΑΝΝΗΣ,0
25803,ΜΑΚΑΡΙΟΣ,0
24857,ΜΗΤΟΥΛΗΣ,0
18803,ΜΟΡΦΙΔΗΣ,0
4279,ΜΥΣΤΑΚΙΔΗΣ,0
1089,ΠΑΝΤΑΖΟΠΟΥΛΟΥ,0
5762,ΠΑΠΑΔΗΜΗΤΡΙΟΥ,0
20139,ΣΕΞΤΟΣ,0
37383,ΣΚΑΛΩΜΕΝΟΣ,0
5357,ΤΑΦΛΑΝΙΔΗΣ,0
10181,ΤΣΟΠΕΛΑΣ,0
21919,Χαρμπής,0
