ΚΩΔΙΚΟΣ ΧΡΗΣΤΗ,ΕΠΩΝΥΜΟ,ΣΥΝΑΦΕΙΑ
51,ΓΕΩΡΓΙΟΥ,1
6746,ΓΡΑΒΒΑΝΗΣ,1
4948,ΕΛΕΝΑΣ,1
17889,ΚΑΡΑΜΑΝΟΣ,1
10595,ΜΠΑΛΟΠΟΥΛΟΣ,1
3853,ΝΟΤΑΡΗΣ,1
6828,ΠΑΝΑΓΟΥΛΗ,1
3355,ΡΑΓΓΟΣ,1
18955,ΤΣΙΑΤΑΣ,1
17967,ΧΑΤΖΗΠΑΝΤΕΛΙΔΗΣ,1
9255,ΑΝΑΣΤΑΣΙΟΥ,0
18443,ΒΑΡΣΑΜΗΣ,0
13,ΒΟΥΓΙΑΤΖΗΣ,0
3883,ΚΑΛΟΓΗΡΑΤΟΥ,0
22573,Κατσίκης,0
15394,ΚΛΕΪΔΗΣ,0
18580,ΚΟΥΓΙΟΥΜΤΖΗΣ,0
11844,ΚΟΥΚΟΥΛΟΓΙΑΝΝΗΣ,0
26737,Σίμος,0
13422,ΤΣΙΓΑΝΗΣ,0
9969,ΧΩΡΙΚΗΣ,0
