ΚΩΔΙΚΟΣ ΧΡΗΣΤΗ,ΕΠΩΝΥΜΟ,ΣΥΝΑΦΕΙΑ
607,ΒΑΡΕΛΙΔΗΣ,1
6493,ΒΟΖΑΝΗ,1
14833,ΖΑΒΡΑΚΑ,1
1092,ΠΟΛΥΧΡΟΝΟΠΟΥΛΟΣ,1
3014,ΤΕΛΛΙΟΣ,1
12975,ΒΙΤΟΠΟΥΛΟΥ,0
27571,ΒΛΑΧΟΣ,0
7372,ΓΟΣΠΟΔΙΝΗ,0
16493,ΓΡΗΓΟΡΙΑΔΟΥ,0
19014,ΔΡΑΓΩΝΑΣ,0
14791,ΘΩΜΟΠΟΥΛΟΣ,0
22605,ΙΩΑΝΝΙΔΗΣ,0
13462,ΚΑΡΑΜΑΝΕΑ,0
26370,Κερτεμελίδου,0
12112,ΚΟΝΤΑΞΑΚΗΣ,0
18501,ΜΑΝΩΛΙΔΗΣ,0
14349,ΜΑΡΗ,0
10980,ΟΥΓΓΡΙΝΗΣ,0
18669,ΠΑΝΕΤΣΟΣ,0
24912,ΠΑΝΤΕΛΙΔΟΥ,0
18202,ΠΑΠΑΓΕΩΡΓΙΟΥ,0
26830,Παπαδημητρίου,0
15334,ΠΑΤΣΑΒΟΣ,0
21792,ΡΟΔΗ,0
19473,ΣΕΡΡΑΟΣ,0
19051,ΣΤΥΛΙΔΗΣ,0
13914,ΤΑΣΟΠΟΥΛΟΥ,0
19249,ΤΑΤΛΑ,0
23019,ΤΖΟΜΠΑΝΑΚΗΣ,0
26743,ΧΑΤΖΗΣΑΒΒΑ,0
27030,ΧΡΙΣΤΟΔΟΥΛΟΥ,0
