ΚΩΔΙΚΟΣ ΧΡΗΣΤΗ,ΕΠΩΝΥΜΟ,ΣΥΝΑΦΕΙΑ
27571,ΒΛΑΧΟΣ,1
17082,ΓΟΥΡΔΟΥΚΗΣ,1
16097,ΚΟΥΡΝΙΑΤΗΣ,1
10980,ΟΥΓΓΡΙΝΗΣ,1
3014,ΤΕΛΛΙΟΣ ,1
8518,ΠΑΡΘΕΝΙΟΣ,0
11996,ΒΑΖΑΚΑΣ,0
25974,ΒΡΟΝΤΙΣΗ ,0
12213,ΓΑΒΡΗΛΟΥ,0
15857,ΓΙΑΝΝΟΥΔΗΣ,0
1471,ΓΥΦΤΟΠΟΥΛΟΣ,0
32302,Ζαβολέας,0
14833,ΖΑΒΡΑΚΑ,0
14791,ΘΩΜΟΠΟΥΛΟΣ,0
22605,ΙΩΑΝΝΙΔΗΣ,0
27096,ΚΑΡΑΓΙΑΝΝΗ ,0
12112,ΚΟΝΤΑΞΑΚΗΣ ,0
17058,ΚΟΤΖΙΑ ,0
18501,ΜΑΝΩΛΙΔΗΣ,0
18303,ΜΠΟΥΡΔΑΚΗΣ,0
12219,ΠΑΝΟΣ,0
26830,ΠΑΠΑΔΗΜΗΤΡΙΟΥ,0
15218,ΣΤΑΥΡΙΔΟΥ ,0
15930,ΣΥΜΕΩΝΙΔΟΥ,0
23019,ΤΖΟΜΠΑΝΑΚΗΣ,0
12077,ΤΣΑΡΑΣ,0
16524,ΧΑΤΖΗΓΙΑΝΝΟΠΟΥΛΟΣ,0
26743,ΧΑΤΖΗΣΑΒΒΑ,0
13306,ΨΥΧΟΓΥΙΟΣ,0
