ΚΩΔΙΚΟΣ ΧΡΗΣΤΗ,ΕΠΩΝΥΜΟ,ΣΥΝΑΦΕΙΑ
866,ΔΗΜΑΣ,1
18698,ΚΑΡΑΜΠΑΣ,1
472,ΣΑΒΒΙΔΗΣ,1
16416,ΣΑΜΑΡΑΣ,1
1401,ΤΣΟΥΚΑΛΑ,1
24711,ΦΟΥΡΝΙΩΤΗΣ,1
10849,KINNAS,0
947,KOURAFALOU,0
2874,TRIANTAFYLLOU,0
7819,TSIMPLIS,0
18775,ΒΑΛΑΒΑΝΙΔΗΣ,0
51,ΓΕΩΡΓΙΟΥ,0
9207,ΖΕΡΒΑΚΗΣ,0
14649,ΘΕΟΔΩΡΟΣ,0
19644,ΚΑΡΑΓΕΩΡΓΗΣ,0
16697,ΚΑΤΣΑΡΔΗ,0
14031,ΚΕΡΑΜΑΡΗΣ,0
19637,ΚΟΡΡΕΣ,0
20876,Λουκογεωργάκη,0
17716,ΜΠΕΛΙΜΠΑΣΑΚΗΣ,0
26136,Ονουφρίου,0
17243,ΣΥΛΑΙΟΣ,0
361,ΣΥΜΠΕΘΕΡΟΣ,0
17383,ΧΑΤΖΗΓΕΩΡΓΙΟΥ,0
