ΚΩΔΙΚΟΣ ΧΡΗΣΤΗ,ΕΠΩΝΥΜΟ,ΣΥΝΑΦΕΙΑ
3697,ΑΝΤΩΝΙΟΥ,0
30653,ΑΫΦΑΝΤΟΠΟΥΛΟΥ,0
6371,ΒΕΝΤΙΚΟΣ,0
12617,ΓΑΒΑΝΑΣ,0
25967,Γερολιμίνης,0
4830,ΖΗΛΙΑΣΚΟΠΟΥΛΟΣ,0
31037,ΖΗΣ,0
14292,ΘΕΟΦΙΛΑΤΟΣ,0
517,ΚΑΙΣΑΡ,0
5344,ΚΑΠΡΟΣ,0
13431,ΚΕΠΑΠΤΣΟΓΛΟΥ,0
18779,ΜΠΑΣΜΠΑΣ ,0
6758,ΜΠΟΪΛΕ,0
20667,Μποτζώρης,0
7202,ΝΑΘΑΝΑΗΛ,0
18765,ΠΑΠΑΓΙΑΝΝΑΚΗΣ,0
5023,ΠΑΠΑΔΗΜΗΤΡΙΟΥ ,0
12131,ΠΟΛΙΤΗΣ,0
10498,ΠΟΛΥΔΩΡΟΠΟΥΛΟΥ,0
8999,ΤΥΡΙΝΟΠΟΥΛΟΣ,0
5150,ΧΑΡΑΛΑΜΠΙΔΗΣ,0
7228,ΧΑΤΖΗΚΩΝΣΤΑΝΤΙΝΟΥ,0
12417,ΧΡΙΣΤΟΦΟΡΟΥ,0
