ΚΩΔΙΚΟΣ ΧΡΗΣΤΗ,ΕΠΩΝΥΜΟ,ΣΥΝΑΦΕΙΑ
866,ΔΗΜΑΣ,1
18698,ΚΑΡΑΜΠΑΣ,1
16697,ΚΑΤΣΑΡΔΗ,1
20876,Λουκογεωργάκη,1
26136,Ονουφρίου,1
16416,ΣΑΜΑΡΑΣ,1
361,ΣΥΜΠΕΘΕΡΟΣ,1
1401,ΤΣΟΥΚΑΛΑ,1
17383,ΧΑΤΖΗΓΕΩΡΓΙΟΥ,1
4662,GEORGE,0
10849,KINNAS,0
2417,ΑΚΥΛΑΣ,0
18775,ΒΑΛΑΒΑΝΙΔΗΣ,0
51,ΓΕΩΡΓΙΟΥ,0
19132,ΓΡΗΓΟΡΟΠΟΥΛΟΣ,0
9207,ΖΕΡΒΑΚΗΣ,0
14649,ΓΕΡΟΣΤΑΘΗΣ,0
4675,ΘΕΟΔΟΣΙΟΥ,0
14031,ΚΕΡΑΜΑΡΗΣ,0
21798,Λαγγούσης,0
17716,ΜΠΕΛΙΜΠΑΣΑΚΗΣ,0
472,ΣΑΒΒΙΔΗΣ,0
24711,ΦΟΥΡΝΙΩΤΗΣ,0
