ΚΩΔΙΚΟΣ ΧΡΗΣΤΗ,ΕΠΩΝΥΜΟ,ΣΥΝΑΦΕΙΑ
4894,AGOURIS,0
6414,HADJIMITSIS,0
2220,MOUNTRAKIS,0
23409,ΓΕΩΡΓΙΑΔΗΣ,0
17702,ΓΗΤΑΣ,0
17639,ΓΚΙΚΑΣ,0
19001,ΕΥΑΓΓΕΛΙΔΗΣ,0
17686,ΙΩΑΝΝΙΔΗΣ,0
19191,ΚΑΡΑΘΑΝΑΣΗ,0
3042,ΚΟΥΣΟΥΛΑΚΟΥ ,0
19515,ΚΩΤΣΑΚΗΣ ,0
4779,ΛΑΚΑΚΗΣ,0
399,ΜΑΛΛΙΝΗΣ,0
17795,ΜΠΟΥΤΟΥΡΑ ,0
4620,ΝΙΚΟΛΑΚΟΠΟΥΛΟΣ,0
4611,ΠΑΤΙΑΣ ,0
17924,ΠΙΚΡΙΔΑΣ ,0
887,ΣΙΔΕΡΗΣ,0
3632,ΣΟΥΛΑΚΕΛΛΗΣ,0
17218,ΣΤΑΘΑΚΗΣ,0
19656,ΤΣΙΟΥΚΑΣ,0
10183,ΤΣΟΥΛΗΣ,0
11140,ΤΣΟΥΧΛΑΡΑΚΗ,0
