ΚΩΔΙΚΟΣ ΧΡΗΣΤΗ,ΕΠΩΝΥΜΟ,ΣΥΝΑΦΕΙΑ
15704,ΑΛΕΞΑΚΗΣ,0
9808,ΑΝΑΓΝΩΣΤΟΠΟΥΛΟΣ,0
12797,ΑΝΑΣΤΑΣΙΑΔΗΣ,0
1962,ΑΝΑΣΤΑΣΟΠΟΥΛΟΣ,0
35127,Βεβαιακης,0
2878,ΓΕΩΡΓΙΑΔΗΣ,0
23409,ΓΕΩΡΓΙΑΔΗΣ,0
17817,ΓΕΩΡΓΙΑΝΝΟΥ,0
2705,ΖΕΚΚΟΣ,0
22760,Ζευγώλης,0
43231,Ζιωτοπούλου,0
17519,ΚΑΛΙΑΜΠΑΚΟΣ,0
15094,ΚΑΡΑΤΖΕΤΖΟΥ,0
9188,ΚΛΗΜΗΣ,0
29163,ΚΛΟΥΚΙΝΑΣ,0
36265,Κοντοέ,0
8431,ΚΩΜΟΔΡΟΜΟΣ,0
22320,Λουπασάκης,0
18415,ΜΑΚΡΑ,0
8071,ΜΑΡΚΟΥ,0
15300,ΜΠΕΛΟΚΑΣ,0
29077,Μυλωνάκης,0
6800,ΝΙΚΟΛΑΪΔΗΣ,0
22567,Παπαδημητρίου,0
2402,ΠΕΛΕΚΗΣ,0
23862,Πιτιλάκης,0
28895,ΡΟΒΙΘΗΣ,0
203,ΤΖΕΡΑΝ,0
18930,ΤΙΚΑ-ΒΑΣΙΛΙΚΟΥ,0
20827,ΤΣΙΝΙΔΗΣ,0
19089,ΤΣΟΜΠΑΝΑΚΗΣ,0
11706,ΧΡΙΣΤΟΔΟΥΛΟΥ,0
