ΚΩΔΙΚΟΣ ΧΡΗΣΤΗ,ΕΠΩΝΥΜΟ,ΣΥΝΑΦΕΙΑ
17254,ΓΑΝΤΕΣ,1
31149,Γερασιμίδης,1
28421,Θανόπουλος,1
15113,ΚΟΛΤΣΑΚΗΣ,1
4279,ΜΥΣΤΑΚΙΔΗΣ,1
4943,ΣΟΦΙΑΝΟΠΟΥΛΟΣ,1
18088,ΤΖΟΥΡΜΑΚΛΙΩΤΟΥ,1
8002,LIGNOS,0
20766,Βαμβάτσικος,0
25665,ΒΑΣΔΡΑΒΕΛΛΗΣ,0
13846,ΕΥΘΥΜΙΟΥ,0
5512,ΚΑΖΙΟΛΑΣ,0
16134,ΚΑΡΑΒΑΣΙΛΗΣ,0
17889,ΚΑΡΑΜΑΝΟΣ,0
5509,ΚΕΡΜΑΝΙΔΗΣ,0
14962,ΛΑΓΑΡΟΣ,0
5380,ΛΑΜΠΕΑΣ,0
13296,ΜΑΓΕΙΡΟΥ,0
12725,ΠΑΠΑΓΙΑΝΝΟΠΟΥΛΟΣ,0
19424,ΠΝΕΥΜΑΤΙΚΟΣ,0
5057,ΤΣΑΒΔΑΡΙΔΗΣ,0
38456,Τσαλκατίδης,0
475,ΧΑΤΖΗ,0
5392,ΧΑΤΖΗΓΕΩΡΓΙΟΥ,0
4391,ΧΡΙΣΤΟΠΟΥΛΟΣ,0
