ΚΩΔΙΚΟΣ ΧΡΗΣΤΗ,ΕΠΩΝΥΜΟ,ΣΥΝΑΦΕΙΑ
19817,ΓΙΑΚΟΥΜΑΚΗΣ,1
7714,ΚΑΝΑΚΟΥΔΗΣ,1
14031,ΚΕΡΑΜΑΡΗΣ,1
21798,Λαγγούσης,1
24711,ΦΟΥΡΝΙΩΤΗΣ,1
7493,PAPANICOLAOU,0
17430,ΑΓΓΕΛΙΔΗΣ,0
21729,Ακράτος,0
2417,ΑΚΥΛΑΣ,0
18775,ΒΑΛΑΒΑΝΙΔΗΣ,0
51,ΓΕΩΡΓΙΟΥ,0
74,ΔΕΡΚΑΣ,0
866,ΔΗΜΑΣ,0
3537,ΖΑΧΑΡΙΑΣ,0
4675,ΘΕΟΔΟΣΙΟΥ,0
351,ΚΑΡΠΟΥΖΟΣ,0
10458,ΛΟΥΚΑΣ,0
15354,ΜΑΚΡΟΠΟΥΛΟΣ,0
7583,ΜΑΡΗΣ,0
1267,ΜΟΥΤΣΟΠΟΥΛΟΣ,0
5715,ΜΠΑΛΤΑΣ,0
472,ΣΑΒΒΙΔΗΣ,0
16416,ΣΑΜΑΡΑΣ,0
950,ΣΑΠΟΥΝΤΖΗΣ,0
