ΚΩΔΙΚΟΣ ΧΡΗΣΤΗ,ΕΠΩΝΥΜΟ,ΣΥΝΑΦΕΙΑ
18775,ΒΑΛΑΒΑΝΙΔΗΣ,1
19100,ΓΑΓΑΝΗΣ,1
21798,Λαγγούσης,1
21,ΧΑΛΙΚΑΚΗΣ,1
17430,ΑΓΓΕΛΙΔΗΣ,0
21729,Ακράτος,0
2417,ΑΚΥΛΑΣ,0
3817,ΓΕΩΡΓΑΚΑΚΟΣ,0
17666,ΔΗΜΗΤΡΙΟΥ,0
3537,ΖΑΧΑΡΙΑΣ,0
4675,ΘΕΟΔΟΣΙΟΥ,0
7714,ΚΑΝΑΚΟΥΔΗΣ,0
351,ΚΑΡΠΟΥΖΟΣ,0
14031,ΚΕΡΑΜΑΡΗΣ,0
7301,ΚΟΛΟΚΥΘΑ,0
17792,ΛΑΣΠΙΔΟΥ,0
10458,ΛΟΥΚΑΣ,0
15354,ΜΑΚΡΟΠΟΥΛΟΣ,0
15402,ΜΑΜΑΣΗΣ,0
1267,ΜΟΥΤΣΟΠΟΥΛΟΣ,0
10413,ΜΥΛΟΠΟΥΛΟΣ,0
18661,ΜΥΛΟΠΟΥΛΟΣ,0
4656,ΝΑΛΜΠΑΝΤΗΣ,0
8134,ΨΙΛΟΒΙΚΟΣ,0
