ΚΩΔΙΚΟΣ ΧΡΗΣΤΗ,ΕΠΩΝΥΜΟ,ΣΥΝΑΦΕΙΑ
2174,ΑΠΟΣΤΟΛΑΤΟΣ,1
13,ΒΟΥΓΙΑΤΖΗΣ,1
33824,Γκόλιας,1
15394,ΚΛΕΪΔΗΣ,1
11844,ΚΟΥΚΟΥΛΟΓΙΑΝΝΗΣ,1
4915,ΜΕΛΕΤΛΙΔΟΥ,1
17733,ΠΑΤΣΗΣ,1
817,ΣΚΟΚΟΣ,1
13422,ΤΣΙΓΑΝΗΣ,1
32216,Χαρσούλα,1
4521,CHEN,0
9290,TSONIS,0
2417,ΑΚΥΛΑΣ,0
18697,ΑΝΑΣΤΑΣΙΑΔΗΣ,0
11177,ΒΑΝΝΤΕΡΒΕΪΛΕ,0
1592,ΚΑΛΑΝΤΩΝΗΣ,0
11162,ΚΑΝΔΥΛΑΚΗΣ,0
19233,ΚΑΡΑΧΑΛΙΟΣ,0
6456,ΚΟΚΚΟΤΑΣ,0
19946,ΚΟΝΤΟΠΟΥΛΟΣ,0
2918,ΛΟΥΚΟΠΟΥΛΟΣ,0
6130,ΜΑΡΚΑΚΗΣ,0
19469,ΠΡΟΒΑΤΑ,0
3355,ΡΑΓΓΟΣ,0
6060,ΡΟΘΟΣ,0
19270,ΣΤΕΡΓΙΟΥΛΑΣ,0
9899,ΤΣΑΓΚΑΣ,0
6476,ΤΣΙΑΝΤΟΣ,0
4814,ΧΑΡΜΑΝΔΑΡΗΣ ,0
