id,title,subtitle,authors,isbn,publisherName,publicationYear,editionNumber,active,selectable,type,found,error
56,Ιστορία και Θεωρία της Αποκατάστασης,,Γιώργος Καραδέδος,9789606796142,Ιωάννης Καραδέδος,2009,1,True,True,Published,True,
845,Υδραυλική Περιβάλλοντος,,"Κωτσοβίνος Νικόλαος,Αγγελίδης Παναγιώτης",9789606653278,ΣΠΑΝΙΔΗΣ ΜΙΧΑΛΗΣ,2008,1,True,True,Published,True,
984,ΠΡΟΕΝΤΕΤΑΜΕΝΟ ΣΚΥΡΟΔΕΜΑ,,ΤΕΓΟΣ Α. ΙΩΑΝΝΗΣ,9789608237346,TSIARTSIANIS PRINT AND BIND Ε.Ε.,2009,1,True,True,Published,True,
995,ΥΔΡΑΥΛΙΚΗ ΑΝΟΙΚΤΩΝ ΑΓΩΓΩΝ,,ΣΟΥΛΗΣ ΙΩΑΝΝΗΣ,9789609929301,ΧΑΡΑΛΑΜΠΟΣ ΝΙΚ. ΑΪΒΑΖΗΣ,2008,1,True,True,Published,True,
1073,ΣΤΑΤΙΚΗ ΤΩΝ ΓΡΑΜΜΙΚΩΝ ΦΟΡΕΩΝ,ΚΛΑΣΙΚΕΣ ΚΑΙ ΜΗΤΡΩΙΚΕΣ ΜΕΘΟΔΟΙ ΑΝΑΛΥΣΗΣ,ΜΗΤΣΟΠΟΥΛΟΥ ΕΥΘΥΜΙΑ,9789606706288,"""σοφία"" Ανώνυμη Εκδοτική & Εμπορική Εταιρεία",2009,1η έκδοση,True,True,Published,True,
1232,ΚΑΤΑΣΚΕΥΕΣ ΑΠΟ ΟΠΛΙΣΜΕΝΟ ΣΚΥΡΟΔΕΜΑ ΣΥΜΦΩΝΑ ΜΕ ΤΟΥΣ ΝΕΟΥΣ ΚΑΝΟΝΙΣΜΟΥΣ Ο/Σ &amp; ΑΝΤΙΣΕΙΣΜΙΚΩΝ ΚΑΤΑΣΚΕΥΩΝ,,"ΠΕΝΕΛΗΣ Γ., ΣΤΥΛΙΑΝΙΔΗΣ Κ., ΚΑΠΠΟΣ Α., ΙΓΝΑΤΑΚΗΣ Χ.",9789608609099,ΧΑΡΑΛΑΜΠΟΣ ΝΙΚ. ΑΪΒΑΖΗΣ,2008,2,True,True,Published,True,
1819,ΕΙΣΑΓΩΓΗ ΣΤΟ ΧΡΟΝΙΚΟ ΠΡΟΓΡΑΜΜΑΤΙΣΜΟ ΤΩΝ ΚΑΤΑΣΚΕΥΩΝ,,ΠΑΝΑΓΙΩΤΑΚΟΠΟΥΛΟΣ ΔΗΜΗΤΡΙΟΣ,9789608065604,ΜΑΡΚΟΥ ΚΑΙ ΣΙΑ Ε.Ε.,2008,Α,True,True,Published,True,
4305,"ΣΤΑΤΙΚΗ, ΤΟΜΟΣ ΙΙ, ΥΠΕΡΣΤΑΤΙΚΕΣ ΚΑΤΑΣΚΕΥΕΣ",,ΓΡΗΓΟΡΙΟΣ ΦΟΥΝΤΑΣ,9789603304555,ΓΡΗΓΟΡΙΟΣ ΧΡΥΣΟΣΤΟΜΟΥ ΦΟΥΝΤΑΣ,2007,1,True,True,Published,True,
5408,ΛΟΓΙΣΜΟΣ ΣΥΝΑΡΤΗΣΕΩΝ ΠΟΛΛΩΝ ΜΕΤΑΒΛΗΤΩΝ ΚΑΙ ΔΙΑΦΟΡΙΚΕΣ ΕΞΙΣΩΣΕΙΣ,,ΤΕΡΖΙΔΗΣ ΧΑΡΑΛΑΜΠΟΣ,9605160315,Ε.& Δ.ΑΝΙΚΟΥΛΑ Ο.Ε.,2006,Α' ΕΚΔΟΣΗ,True,True,Published,True,
6861,ΥΔΡΑΥΛΙΚΗ ΤΩΝ ΥΠΟΓΕΙΩΝ ΡΟΩΝ,,ΛΑΤΙΝΟΠΟΥΛΟΣ ΠΕΡΙΚΛΗΣ,9789609815451,ΧΑΡΙΣ Μ.Ε.Π.Ε.,2006,1,True,True,Published,True,
9642,Επεξεργασία Λυμάτων,,Τσώνης Στυλιανός,9789607530516,Α. ΠΑΠΑΣΩΤΗΡΙΟΥ & ΣΙΑ Ι.Κ.Ε.,2004,1η εκδ.,True,True,Published,True,
9664,Οδική ασφάλεια,,"Φραντζεσκάκης Ιωάννης Μ.,Γκόλιας Ιωάννης Κ.",9789607510068,Α. ΠΑΠΑΣΩΤΗΡΙΟΥ & ΣΙΑ Ι.Κ.Ε.,1994,1η εκδ.,True,True,Published,True,
9699,Κυκλοφοριακή Τεχνική,,"Φραντζεσκάκης Ιωάννης Μ.,Γκόλιας Ιωάννης Κ.,Πιτσιάβα - Λατινοπούλου Μαγδαληνή Χ.",9789607182425,Α. ΠΑΠΑΣΩΤΗΡΙΟΥ & ΣΙΑ Ι.Κ.Ε.,2009,1η εκδ.,True,True,Published,True,
9720,Διαχείριση Κυκλοφορίας,,"Φραντζεσκάκης Ιωάννης Μ.,Πιτσιάβα - Λατινοπούλου Μαγδαληνή Χ.,Τσαμπούλας Δημήτριος Α.",9789607510501,Α. ΠΑΠΑΣΩΤΗΡΙΟΥ & ΣΙΑ Ι.Κ.Ε.,2002,1η έκδ.,True,True,Published,True,
9764,Προστασία του Ελληνικού Ακουστικού Τοπίου,θεσμικό πλαίσιο για τον περιβαλλοντικό θόρυβο,"Τζίκα - Χατζοπούλου Αλίκη,Χαϊκάλη Σ.,Βογιατζής Κ.",9789607182562,Α. ΠΑΠΑΣΩΤΗΡΙΟΥ & ΣΙΑ Ι.Κ.Ε.,2010,1η έκδ.,True,True,Published,True,
9780,Τεχνολογία Υδατικών Πόρων,,Μιμίκου Μαρία Α.,9789607530790,Α. ΠΑΠΑΣΩΤΗΡΙΟΥ & ΣΙΑ Ι.Κ.Ε.,2006,3η εκδ.,True,True,Published,True,
10973,Αντισεισμικές κατασκευές από σκυρόδεμα,,"Πενέλης Γ. Γ., Κάππος Α. Ι.",9604311301,Ζήτη Πελαγία & Σια Ι.Κ.Ε.,1990,1η έκδ.,True,True,Published,True,
11001,Επιφανειακοί φορείς,Θεωρία και μέθοδοι επίλυσης,Βαλιάσης Θωμάς Ν.,9604316028,Ζήτη Πελαγία & Σια Ι.Κ.Ε.,2000,1η έκδ.,True,True,Published,True,
11038,Η συμβολή του ανθρώπου στην οδική ασφάλεια,,Παυλίδης Θεόδωρος Π.,9604319396,Ζήτη Πελαγία & Σια Ι.Κ.Ε.,2004,1η έκδ.,True,True,Published,True,
11063,Κατασκευές από χάλυβα,Αρχές σχεδιασμού στο πλαίσιο του Ευρωκώδικα 3,Μπανιωτόπουλος Χαράλαμπος Κ.,9789604561841,Ζήτη Πελαγία & Σια Ι.Κ.Ε.,2009,1η έκδ.,True,True,Published,True,
11254,Εισαγωγή στη σεισμολογία,,"Παπαζάχος Βασίλειος Κ., Καρακαΐσης Γεώργιος Φ., Χατζηδημητρίου Παναγιώτης Μ.",9604319795,Ζήτη Πελαγία & Σια Ι.Κ.Ε.,2005,1η έκδ.,True,True,Published,True,
11295,Συστήματα σιδηροδρομικών μεταφορών,"Υποδομή, τροχαίο υλικό, εκμετάλλευση",Πυργίδης Χρίστος,9789604561551,Ζήτη Πελαγία & Σια Ι.Κ.Ε.,2009,2η έκδ.,True,True,Published,True,
11373,Στοιχεία εδαφομηχανικής,,"Γεωργιάδης Μιχάλης, Γεωργιάδης Κωνσταντίνος",9789604561575,Ζήτη Πελαγία & Σια Ι.Κ.Ε.,2009,1η έκδ.,True,True,Published,True,
11391,Υπολογιστικές Excel-ίξεις στο έργο του μηχανικού,,Κουϊμτζής Μιχαήλ,9604319949,Ζήτη Πελαγία & Σια Ι.Κ.Ε.,2006,1η έκδ.,True,True,Published,True,
11396,Φυσική και τεχνολογία,Θεμελιώδεις έννοιες και εφαρμογές,Φραγκιαδάκης Ιωάννης Ε.,9604318543,Ζήτη Πελαγία & Σια Ι.Κ.Ε.,2006,1η έκδ. διορθωμένη,True,True,Published,True,
11425,Γεωτεχνική σεισμική μηχανική,,Πιτιλάκης Κυριαζής,9789604562268,Ζήτη Πελαγία & Σια Ι.Κ.Ε.,2010,1η έκδ.,True,True,Published,True,
11432,Εφαρμοσμένη γεωδαισία,,"Πανταζής Γιώργος, Λάμπρου Ευαγγελία",9789604562053,Ζήτη Πελαγία & Σια Ι.Κ.Ε.,2010,1η έκδ.,True,True,Published,True,
12425,Κτιριακές κατασκευές,,"Schmitt Heinrich,Heene A.",9789605125110,Χ. ΓΚΙΟΥΡΔΑ & ΣΙΑ ΕΕ,1994,11η έκδ.,True,True,Published,True,
12491,Ολόσωμες Κατασκευές Τόμος 6ος,Ολόσωμες Γέφυρες,"Leonhardt Fritz,Monnig Eduard",9789605126001,Χ. ΓΚΙΟΥΡΔΑ & ΣΙΑ ΕΕ,1980,1η έκδ.,True,True,Published,True,
12508,ΑΠΟΚΑΤΑΣΤΑΣΗ ΕΠΑΝΑΧΡΗΣΗ ΙΣΤΟΡΙΚΩΝ ΚΤΙΡΙΩΝ ΚΑΙ ΣΥΝΟΛΩΝ,ΜΕΘΟΔΟΛΟΓΙΑ-ΕΦΑΡΜΟΓΕΣ,ΝΟΜΙΚΟΣ ΜΙΧΑΗΛ,9607425154,EKΔOΣEIΣ ΓIAXOYΔH Ι.Κ.Ε.,1997,1,True,True,Published,True,
12743,ΠΕΡΙΒΑΛΛΟΝ ΚΑΙ ΘΑΛΑΣΣΙΕΣ ΜΕΤΑΦΟΡΕΣ,Σε Αναζήτηση μίας Βιώσιμης Προσέγγισης,Γρηγόρης Τσάλτας (Επιμέλεια - Παρουσίαση),9789600804591,ΑΝΔΡΕΑΣ ΣΙΔΕΡΗΣ-ΙΩΑΝΝΗΣ ΣΙΔΕΡΗΣ & ΣΙΑ Ο.Ε.,2008,Α΄,True,True,Published,True,
13601,ΑΝΤΙΣΕΙΣΜΙΚΟΣ ΣΧΕΔΙΑΣΜΟΣ ΚΑΤΑΣΚΕΥΩΝ ΑΠΟ ΟΠΛΙΣΜΕΝΟ ΣΚΥΡΟΔΕΜΑ ΚΑΙ ΤΟΙΧΟΠΟΙΙΑ,,"T. PAULAY, M.J.N. PRIESTLEY",9602092823,ΕΚΔΟΣΕΙΣ ΚΛΕΙΔΑΡΙΘΜΟΣ ΕΠΕ,1996,1η,True,True,Published,True,
13838,ΟΔΗΓΟΣ ΣΧΕΔΙΑΣΜΟΥ ΣΥΜΜΙΚΤΩΝ ΚΤΙΡΙΩΝ,,"ΓΙΑΝΝΗΣ ΒΑΓΙΑΣ, ΓΙΑΝΝΗΣ ΠΑΛΑΜΑΣ, ΚΩΝΣΤΑΝΤΙΝΟΣ ΤΑΤΣΗΣ, ΠΑΥΛΟΣ ΘΑΝΟΠΟΥΛΟΣ",9789604612888,ΕΚΔΟΣΕΙΣ ΚΛΕΙΔΑΡΙΘΜΟΣ ΕΠΕ,2009,1η,True,True,Published,True,
13874,ΣΙΔΗΡΕΣ ΚΑΤΑΣΚΕΥΕΣ ΑΠΟ ΛΕΠΤΟΤΟΙΧΕΣ ΔΙΑΤΟΜΕΣ ΨΥΧΡΗΣ ΔΙΑΜΟΡΦΩΣΗΣ,,"ΙΩΑΝΝΗΣ Κ. ΒΑΓΙΑΣ, DAB DUBINA",9602097302,ΕΚΔΟΣΕΙΣ ΚΛΕΙΔΑΡΙΘΜΟΣ ΕΠΕ,2004,1η,True,True,Published,True,
13875,"ΣΚΥΡΟΔΕΜΑ: ΜΙΚΡΟΔΟΜΗ, ΙΔΙΟΤΗΤΕΣ, ΚΑΙ ΥΛΙΚΑ",,"P. KUMAR MEHTA, PAULO J. M. MONTEIRO",9789604611782,ΕΚΔΟΣΕΙΣ ΚΛΕΙΔΑΡΙΘΜΟΣ ΕΠΕ,2009,3η,True,True,Published,True,
13937,ΥΠΟΛΟΓΙΣΤΙΚΗ ΓΕΩΤΕΧΝΙΚΗ ΜΗΧΑΝΙΚΗ: ΑΛΛΗΛΕΠΙΔΡΑΣΗ ΕΔΑΦΟΥΣ - ΚΑΤΑΣΚΕΥΩΝ,,ΑΙΜΙΛΙΟΣ Μ. ΚΩΜΟΔΡΟΜΟΣ,9789604612017,ΕΚΔΟΣΕΙΣ ΚΛΕΙΔΑΡΙΘΜΟΣ ΕΠΕ,2008,1η,True,True,Published,True,
13963,ΣΙΔΗΡΕΣ ΚΑΙ ΣΥΜΜΙΚΤΕΣ ΓΕΦΥΡΕΣ: ΑΝΑΛΥΣΗ ΚΑΙ ΔΙΑΣΤΑΣΙΟΛΟΓΗΣΗ ΣΥΜΦΩΝΑ ΜΕ ΤΟΥΣ ΕΥΡΩΚΩΔΙΚΕΣ 1 ΕΩΣ 8,,ΙΩΑΝΝΗΣ Χ. ΕΡΜΟΠΟΥΛΟΣ,9789604610792,ΕΚΔΟΣΕΙΣ ΚΛΕΙΔΑΡΙΘΜΟΣ ΕΠΕ,2008,2η,True,True,Published,True,
14922,Δημόσιες αστικές συγκοινωνίες,Λεωφορειακές συγκοινωνίες,Γιαννόπουλος Γιώργος Α.,9789606645297,Εκδόσεις Επίκεντρο Α.Ε.,2005,2η έκδ.,True,True,Published,True,
15023,Μηχανική των ρευστών,Θεωρία και ασκήσεις,Τσακογιάννης Ιωάννης Α.,9789606645099,Εκδόσεις Επίκεντρο Α.Ε.,2005,1η έκδ.,True,True,Published,True,
15041,Θαλάσσιες μεταφορές,,Γιαννόπουλος Γιώργος Α.,9789606645211,Εκδόσεις Επίκεντρο Α.Ε.,2005,1η έκδ.,True,True,Published,True,
15156,Σχεδιασμός των μεταφορών,Η διαδικασία πρόβλεψης των μελλοντικών αναγκών μετακινήσεων,Γιαννόπουλος Γιώργος Α.,9789608868106,Εκδόσεις Επίκεντρο Α.Ε.,2005,1η έκδ.,True,True,Published,True,
15157,Σχεδιασμός των μεταφορών και κυκλοφοριακή τεχνική,,"Φραντζεσκάκης Ιωάννης Μ.,Γιαννόπουλος Γιώργος Α.",9789606647208,Εκδόσεις Επίκεντρο Α.Ε.,2005,1η έκδ.,True,True,Published,True,
15196,Υπόγεια υδραυλική,,Τολίκας Δημήτρης Κ.,9789608873179,Εκδόσεις Επίκεντρο Α.Ε.,2005,1η έκδ.,True,True,Published,True,
17179,Γεωτεχνική μηχανική,,Κολέτσος Κωνσταντίνος Α.,9789601212562,UNIVERSITY STUDIO PRESS - ΑΝΩΝΥΜΟΣ ΕΤΑΙΡΙΑ ΓΡΑΦΙΚΩΝ ΤΕΧΝΩΝ ΚΑΙ ΕΚΔΟΣΕΩΝ,2004,1η έκδ.,True,True,Published,True,
17434,Οδοποιία,Η κατασκευή των οδικών έργων,Μουρατίδης Αναστάσιος Κ.,9789601213996,UNIVERSITY STUDIO PRESS - ΑΝΩΝΥΜΟΣ ΕΤΑΙΡΙΑ ΓΡΑΦΙΚΩΝ ΤΕΧΝΩΝ ΚΑΙ ΕΚΔΟΣΕΩΝ,2007,2η έκδ.,True,True,Published,True,
17440,Οικοδομική τεχνολογία,,Ζαχαριάδης Άγγελος Ι.,9601212396,UNIVERSITY STUDIO PRESS - ΑΝΩΝΥΜΟΣ ΕΤΑΙΡΙΑ ΓΡΑΦΙΚΩΝ ΤΕΧΝΩΝ ΚΑΙ ΕΚΔΟΣΕΩΝ,2004,1η έκδ.,True,True,Published,True,
22937,Οικονομική και πολιτική των λιμένων,Ανταγωνισμός και ανταγωνιστικότητα στη σύγχρονη λιμενική βιομηχανία,Παρδάλη Αγγελική Ι.,9789603516897,ΕΚΔΟΣΕΙΣ ΣΤΑΜΟΥΛΗ ΑΕ,2007,1η έκδ.,True,True,Published,True,
22943,"Οικονομική των μεταφορών-Ανάπτυξη,Επένδυση,Διοίκηση &amp; Εφαρμογές","Ανάπτυξη, επένδυση, διοίκηση και εφαρμογές",Μουρμούρης Ιωάννης Κ.,9603516716,ΕΚΔΟΣΕΙΣ ΣΤΑΜΟΥΛΗ ΑΕ,2006,1η έκδ.,True,True,Published,True,
45243,"Πολεοδομικός Σχεδιασμός, Β' ΕΚΔΟΣΗ",,Αραβαντινός Α.,9789602660089,Σ.ΑΘΑΝΑΣΟΠΟΥΛΟΣ & ΣΙΑ Ι.Κ.Ε,2007,2η έκδ.,True,True,Published,True,
45247,"Τεχνική Μηχανική, ΤΟΜΟΣ 1",,"Βαρδουλάκης Ιωάννης, Γιαννακόπουλος Α.",9789601100029,Σ.ΑΘΑΝΑΣΟΠΟΥΛΟΣ & ΣΙΑ Ι.Κ.Ε,2008,2η έκδ.,True,True,Published,True,
45256,Θεωρία Ελαστικότητας,,Γδούτος Εμμανουήλ Ε.,9789602661185,Σ.ΑΘΑΝΑΣΟΠΟΥΛΟΣ & ΣΙΑ Ι.Κ.Ε,2003,1η έκδ.,True,True,Published,True,
45259,Προχωρημένη Μηχανική των Υλικών,,Γεωργιάδης Χ.,9789602661116,Σ.ΑΘΑΝΑΣΟΠΟΥΛΟΣ & ΣΙΑ Ι.Κ.Ε,2003,1η έκδ.,True,True,Published,True,
45304,"Τεχνική Μηχανική Ι, Στατική",,Μαρκέτος Ευάγγελος,9602661720,Σ.ΑΘΑΝΑΣΟΠΟΥΛΟΣ & ΣΙΑ Ι.Κ.Ε,2001,1η έκδ.,True,True,Published,True,
45308,Σχεδιασμός των Μεταφορών και Στοιχεία Σιδηροδρομικής,,Ματσούκης Ευάγγελος - Γεράσιμος,9789602662304,Σ.ΑΘΑΝΑΣΟΠΟΥΛΟΣ & ΣΙΑ Ι.Κ.Ε,2008,1η έκδ.,True,True,Published,True,
45371,Θέματα Οικοδομικής,,ΣΥΛΛΟΓΙΚΟ,9789601100104,Σ.ΑΘΑΝΑΣΟΠΟΥΛΟΣ & ΣΙΑ Ι.Κ.Ε,1999,1η έκδ.,True,True,Published,True,
45373,Προεντεταμένο Σκυρόδεμα,,"Τάσιος Θεοδόσιος Π.,Γιαννόπουλος Π.,Τρέζος Κωνσταντίνος,Τσουκαντάς Σ.",9789602662151,Σ.ΑΘΑΝΑΣΟΠΟΥΛΟΣ & ΣΙΑ Ι.Κ.Ε,1995,1η έκδ.,True,True,Published,True,
45386,Μέθοδος των Πεπερασμένων Στοιχείων ΙΙ,,"Τσαμασφύρος Γεώργιος Ι.,Θεοτόκογλου Ευστάθιος Ελ.",9602661410,Σ.ΑΘΑΝΑΣΟΠΟΥΛΟΣ & ΣΙΑ Ι.Κ.Ε,2005,1η έκδ.,True,True,Published,True,
45443,Συστήματα Αστικών Συγκοινωνιών,Σχεδιασμός κατασκευή λειτουργία,"Καρλαύτης Ματθαίος, Λυμπέρης Κωνσταντίνος",9789602662793,Σ.ΑΘΑΝΑΣΟΠΟΥΛΟΣ & ΣΙΑ Ι.Κ.Ε,2009,1η έκδ.,True,True,Published,True,
45496,Μέθοδος των Πεπερασμένων Στοιχείων Ι,,"Τσαμασφύρος Γεώργιος Ι.,Θεοτόκογλου Ευστάθιος Ελ.",9602661402,Σ.ΑΘΑΝΑΣΟΠΟΥΛΟΣ & ΣΙΑ Ι.Κ.Ε,2005,1η έκδ.,True,True,Published,True,
12534933,ΟΔΗΓΟΣ ΣΧΕΔΙΑΣΜΟΥ ΣΥΜΦΩΝΑ ΜΕ ΤΟΝ ΕΥΡΩΚΩΔΙΚΑ 8: ΑΝΤΙΣΕΙΣΜΙΚΟΣ ΣΧΕΔΙΑΣΜΟΣ ΚΑΤΑΣΚΕΥΩΝ,,"MICHAEL N. FARDIS, EDUARDO CARVALHO, AMR ELNASHAI, EZIO FACCIOLI, PAOLO PINTO, ANDRE PLUMIER",9789604614523,ΕΚΔΟΣΕΙΣ ΚΛΕΙΔΑΡΙΘΜΟΣ ΕΠΕ,2011,1η,True,True,Published,True,
12559142,Διαχείριση ποιότητας και ασφάλειας στις θαλάσσιες μεταφορές,Η σημασία των υπηρεσιών πληροφόρησης στις νέες προκλήσεις για την θαλάσσια οικονομία,"Κωσταγιόλας Πέτρος, Χλωμούδης Κωνσταντίνος",9789600225686,ΕΚΔΟΣΕΙΣ ΠΑΠΑΖΗΣΗ ΑΕΒΕ,2011,1η έκδ.,True,True,Published,True,
12565288,Γεωγραφικά Συστήματα Πληροφοριών με το ArcGIS 10,Θεωρία και Εφαρμογές,"Κουτσόπουλος Κωνσταντίνος, Ανδρουλακάκης Νικόλαος",9789604910304,Α. ΠΑΠΑΣΩΤΗΡΙΟΥ & ΣΙΑ Ι.Κ.Ε.,2011,1η Έκδ.,True,True,Published,True,
12718796,Θεσμικό Πλαίσιο για την Προστασία και Διαχείριση Υδατικών Πόρων,,Καλλία - Αντωνίου Αγγελική,9789604562855,Ζήτη Πελαγία & Σια Ι.Κ.Ε.,2011,1η έκδ.,True,True,Published,True,
12734771,Κατασκευές από Τοιχοποιία,Σχεδιασμός και επισκευές,Καραντώνη Φυλλίτσα Β.,9789604910359,Α. ΠΑΠΑΣΩΤΗΡΙΟΥ & ΣΙΑ Ι.Κ.Ε.,2011,2η Έκδοση,True,True,Published,True,
12777813,"Μεταβαλόμενη Αρχιτεκτονική - Κίνηση, Προσαρμογή, Ευελιξία",,Ουγγρίνης Κώστας,9789605080419,ΜΑΡΙΑ ΠΑΡΙΚΟΥ & ΣΙΑ ΕΠΕ,2011,1η,True,True,Published,True,
12866352,ΚΑΤΑΣΚΕΥΕΣ ΑΠΟ ΦΕΡΟΥΣΑ ΤΟΙΧΟΠΟΙΙΑ,ΣΥΜΦΩΝΑ ΜΕ ΤΟΥΣ ΕΥΡΩΚΩΔΙΚΕΣ 6 ΚΑΙ 8,"ΣΤΥΛΙΑΝΙΔΗΣ ΚΟΣΜΑΣ, ΙΓΝΑΤΑΚΗΣ ΧΡΗΣΤΟΣ",9789609929387,ΧΑΡΑΛΑΜΠΟΣ ΝΙΚ. ΑΪΒΑΖΗΣ,2011,1η,True,True,Published,True,
12866947,Αεροδρόμια,,Ματσούκης Ευάγγελος,9789602663394,Σ.ΑΘΑΝΑΣΟΠΟΥΛΟΣ & ΣΙΑ Ι.Κ.Ε,2011,1η,True,True,Published,True,
12867047,Σιδηροδρομική Θεωρία και Εφαρμογές,,Λυμπέρης Κωνσταντίνος,9789602663325,Σ.ΑΘΑΝΑΣΟΠΟΥΛΟΣ & ΣΙΑ Ι.Κ.Ε,2011,1η,True,True,Published,True,
12978923,ΘΕΜΕΛΙΩΣΕΙΣ - ΑΝΤΙΣΤΗΡΙΞΕΙΣ ΚΑΙ ΓΕΩΤΕΧΝΙΚΑ ΕΡΓΑ,,"ΑΝΑΓΝΩΣΤΟΠΟΥΛΟΣ ΧΡΗΣΤΟΣ, ΧΑΤΖΗΓΩΓΟΣ ΘΕΟΔΩΡΟΣ, ΑΝΑΣΤΑΣΙΑΔΗΣ ΑΝΑΣΤΑΣΙΟΣ, ΠΙΤΙΛΑΚΗΣ ΔΗΜΗΤΡΙΟΣ",9789605490003,ΧΑΡΑΛΑΜΠΟΣ ΝΙΚ. ΑΪΒΑΖΗΣ,2012,1η,True,True,Published,True,
22685331,Προγραμματισμός με τη Χρήση Matlab,,"Γραββάνης Γιώργος, Γιαννουτάκης Κωνσταντίνος",9789604910571,Α. ΠΑΠΑΣΩΤΗΡΙΟΥ & ΣΙΑ Ι.Κ.Ε.,2012,1η Έκδ.,True,True,Published,True,
22698081,Κατασκευές από Χάλυβα. Παραδείγματα Σχεδιασμού,Στο πλαίσιο του Ευρωκώδικα 3,"Μπανιωτόπουλος Κ. Χαράλαμπος, Νικολαΐδης Ν. Θεμιστοκλής",9789604563234,Ζήτη Πελαγία & Σια Ι.Κ.Ε.,2012,1η έκδ.,True,True,Published,True,
22714197,ΥΔΡΑΥΛΙΚΗ,,ΣΟΥΛΗΣ ΙΩΑΝΝΗΣ,9789605490010,ΧΑΡΑΛΑΜΠΟΣ ΝΙΚ. ΑΪΒΑΖΗΣ,2012,1η,True,True,Published,True,
22769200,Στατική των Γραμμικών Φορέων,,Βαλιάσης Θωμάς Ν.,9789604563470,Ζήτη Πελαγία & Σια Ι.Κ.Ε.,2013,2η έκδ. βελτιωμένη,True,True,Published,True,
33094810,Στοιχεία Περιβαλλοντικής Γεωτεχνικής,,Καββαδάς Μ.,9786188074101,ΤΣΟΤΡΑΣ ΑΝ ΑΘΑΝΑΣΙΟΣ,2013,1η,True,True,Published,True,
33153187,"Σήραγγες. Κατασκευαστική Τεχνική, Υπολογιστική Διερεύνηση, Συμβασιακά Θέματα.",,Κωστόπουλος Δ. Σπύρος,9789605081157,ΜΑΡΙΑ ΠΑΡΙΚΟΥ & ΣΙΑ ΕΠΕ,2014,1η,False,False,Published,True,
33153304,ΠΑΡΑΔΕΙΓΜΑΤΑ ΕΦΑΡΜΟΓΗΣ ΣΕ ΕΙΔΙΚΑ ΘΕΜΑΤΑ ΜΕΤΑΛΛΙΚΩΝ ΚΑΤΑΣΚΕΥΩΝ,,"Ι. ΒΑΓΙΑΣ, Χ. ΓΑΝΤΕΣ, Ι. ΕΡΜΟΠΟΥΛΟΣ, Γ. ΙΩΑΝΝΙΔΗΣ",9789604615810,ΕΚΔΟΣΕΙΣ ΚΛΕΙΔΑΡΙΘΜΟΣ ΕΠΕ,2013,1η,True,True,Published,True,
33153305,ΣΧΕΔΙΑΣΜΟΣ ΔΟΜΙΚΩΝ ΕΡΓΩΝ ΑΠΟ ΧΑΛΥΒΑ ΜΕ ΠΑΡΑΔΕΙΓΜΑΤΑ ΕΦΑΡΜΟΓΗΣ,,"ΙΩΑΝΝΗΣ Κ. ΒΑΓΙΑΣ, ΙΩΑΝΝΗΣ Χ. ΕΡΜΟΠΟΥΛΟΣ, ΓΕΩΡΓΙΟΣ ΙΩΑΝΝΙΔΗΣ",9789604615827,ΕΚΔΟΣΕΙΣ ΚΛΕΙΔΑΡΙΘΜΟΣ ΕΠΕ,2013,1η,True,True,Published,True,
33153307,ΕΔΑΦΟΜΗΧΑΝΙΚΗ: ΑΡΧΕΣ ΚΑΙ ΕΦΑΡΜΟΓΕΣ,,GRAHAM BARNES,9789604615780,ΕΚΔΟΣΕΙΣ ΚΛΕΙΔΑΡΙΘΜΟΣ ΕΠΕ,2014,3η Αγγλική,True,True,Published,True,
33153958,Μαθήματα Στατικής V,Πλαστική ανάλυση ραβδωτών φορέων Σύγχρονες μέθοδοι,Παπαδρακάκης Μ.,9786185066024,ΤΣΟΤΡΑΣ ΑΝ ΑΘΑΝΑΣΙΟΣ,2013,1η,True,True,Published,True,
33154038,Πράσινες Μετακινήσεις στις Πόλεις,Πολιτικές για μια Βιώσιμη Κινητικότητα στα Αστικά Κέντρα,Τσέτσης Σταύρος,9789604910779,Α. ΠΑΠΑΣΩΤΗΡΙΟΥ & ΣΙΑ Ι.Κ.Ε.,2013,1η,True,True,Published,True,
33154221,ΟΔΟΠΟΙΙΑ: ΣΧΕΔΙΑΣΜΟΣ ΚΑΙ ΚΑΤΑΣΚΕΥΗ,,HENNING NATZSCHKA,9789604615834,ΕΚΔΟΣΕΙΣ ΚΛΕΙΔΑΡΙΘΜΟΣ ΕΠΕ,2014,3η Γερμανική,True,True,Published,True,
41958890,Στατική ΙΙ,Υπερστατικοί Φορείς,Σωτηροπούλου Αναστασία,9789604184750,ΕΚΔΟΣΕΙΣ Α. ΤΖΙΟΛΑ & ΥΙΟΙ Α.Ε.,2014,1η,True,True,Published,True,
41959119,Περιβαλλοντική Τεχνική και Θεσμικό Πλαίσιο Εφαρμογής,,Βογιατζής Κωνσταντίνος,9789602663905,Σ.ΑΘΑΝΑΣΟΠΟΥΛΟΣ & ΣΙΑ Ι.Κ.Ε,2014,3η,True,True,Published,True,
41960118,Εφαρμοσμένη Γεωργική Υδραυλική,,"Παπαμιχαήλ Δημήτρης, Μπαμπατζιμόπουλος Χρήστος",9789604564156,Ζήτη Πελαγία & Σια Ι.Κ.Ε.,2014,1η έκδ.,True,True,Published,True,
41963463,Μηχανική ρευστών,Ασυμπίεστα ρευστά- Θεωρία και Ασκήσεις,Πρίνος Παναγιώτης,9789604564194,Ζήτη Πελαγία & Σια Ι.Κ.Ε.,2014,1η έκδ.,False,False,Published,True,
50655954,Υπολογιστική Μηχανική με Matlab και Excel,,Musto - Howard - Williams,9789604185047,ΕΚΔΟΣΕΙΣ Α. ΤΖΙΟΛΑ & ΥΙΟΙ Α.Ε.,2015,1η,True,True,Published,True,
50655984,"Στοιχεία Υπολογισμού και Διαμόρφωσης Ολόσωμων Κατασκευών, 3η Έκδοση",,Καραβεζύρογλου Βέμπερ Μ.,9789604185535,ΕΚΔΟΣΕΙΣ Α. ΤΖΙΟΛΑ & ΥΙΟΙ Α.Ε.,2015,3η,True,True,Published,True,
50656355,ΜΕΛΕΤΗ ΚΑΤΑΣΚΕΥΩΝ ΑΠΟ ΟΠΛΙΣΜΕΝΟ ΣΚΥΡΟΔΕΜΑ,ΣΥΜΦΩΝΑ ΜΕ ΤΟΝ ΕΥΡΩΚΩΔΙΚΑ 2,"BILL MOSLEY, JOHN BUNGEY, RAY HULSE",9789604616695,ΕΚΔΟΣΕΙΣ ΚΛΕΙΔΑΡΙΘΜΟΣ ΕΠΕ,2016,7η Αγγλική,True,True,Published,True,
50658954,Ανάλυση Ραβδωτών Φορέων με Μητρωικές Μεθόδους- Μέθοδος Αμεσης Στιβαρότητας,,Παπαδρακάκης Μ. Σαπουντζάκης Ε.Ι.,9786185066413,ΤΣΟΤΡΑΣ ΑΝ ΑΘΑΝΑΣΙΟΣ,2016,1η,True,True,Published,True,
50659226,Εδαφικές ιδιότητες από επί τόπου δοκιμές,,"Αναγνωστόπουλος Α., Ανδρέου Π., Αναγνωστόπουλος Γ.",9789609400497,ΚΑΛΑΜΑΡΑ ΕΛΛΗ,2014,1η,True,True,Published,True,
50659228,Σχεδιασμός των Θεμελιώσεων,,"Αναγνωστόπουλος Α., Παπαδόπουλος Β.",9789609400503,ΚΑΛΑΜΑΡΑ ΕΛΛΗ,2016,1η,True,True,Published,True,
50659236,Θεμελιώσεις με πασσάλους,,"Αναγνωστόπουλος Α. Γ., Παπαδόπουλος Β. Π.",9789607888501,ΚΑΛΑΜΑΡΑ ΕΛΛΗ,2004,1η,True,True,Published,True,
50659248,Εδαφοδυναμική και σεισμική μηχανική,Ιστορικά περιστατικά,Γκαζέτας Γ.,9789607346346,ΚΑΛΑΜΑΡΑ ΕΛΛΗ,1996,1η,True,True,Published,True,
50659263,Μη γραμμική θεωρία ελαστικής ευστάθειας,Με στοιχεία από την Θεωρίαν Καταστροφών,Κουνάδης Α.,9789607888440,ΚΑΛΑΜΑΡΑ ΕΛΛΗ,2004,2η,True,True,Published,True,
50660011,Επιλογές εφαρμοσμένης γεωτεχνικής μηχανικής,,Χριστούλας Στ.,9789607888112,ΚΑΛΑΜΑΡΑ ΕΛΛΗ,1998,1η,True,True,Published,True,
50662643,Γεωτεχνική Μηχανική. Έρευνα-Γεωτρήσεις-Εργαστήριο,,"Παπαχαρίσης Νικόλαος, Γραμματικόπουλος Ιωάννης, Ανδρεάδου-Μάνου Νίκη",9786185105884,ΕΚΔΟΣΕΙΣ ΚΥΡΙΑΚΙΔΗ ΜΟΝΟΠΡΟΣΩΠΗ ΙΚΕ,2015,3,True,True,Published,True,
50662652,Γεωδαισία Ι: Γεωδαιτικές μετρήσεις και υπολογισμοί,,"Σαββαϊδης Παρασκευάς, Υφαντής Ιωάννης, Δούκας Ιωάννης",9786185105921,ΕΚΔΟΣΕΙΣ ΚΥΡΙΑΚΙΔΗ ΜΟΝΟΠΡΟΣΩΠΗ ΙΚΕ,2015,1,True,True,Published,True,
50662654,Γεωδαισία ΙΙ: Τοπογραφικές Αποτυπώσεις -Χαράξεις,,"Σαββαϊδης Παρασκευάς, Υφαντής Ιωάννης, Δούκας Ιωάννης",9786185105938,ΕΚΔΟΣΕΙΣ ΚΥΡΙΑΚΙΔΗ ΜΟΝΟΠΡΟΣΩΠΗ ΙΚΕ,2015,1,True,True,Published,True,
50662962,Ενεργειακός σχεδιασμός και παθητικά ηλιακά συστήματα κτιρίων,Δομική Φυσική ΙΙ,"Παπαδόπουλος Μιχάλης, Αξαρλή Κλειώ",9789605990190,ΕΚΔΟΣΕΙΣ ΚΥΡΙΑΚΙΔΗ ΜΟΝΟΠΡΟΣΩΠΗ ΙΚΕ,2015,1,True,True,Published,True,
59358514,Αρχιτεκτονική,"Μορφή, Χώρος και Διάταξη",Francis D.K.Ching,9786185173159,UTOPIA ΕΚΔΟΣΕΙΣ Μ. ΕΠΕ.,2016,4η Αμερικανική-1η Ελληνική,True,True,Published,True,
59362731,Αλληλεπίδραση Εδάφους - Θεμελίου - Κατασκευής,,Γκαζέτας .Γ,9786185066680,ΤΣΟΤΡΑΣ ΑΝ ΑΘΑΝΑΣΙΟΣ,2016,2η,True,True,Published,True,
59362766,Στοιχεία Εδαφομηχανικής 2η εκδοση,,Καββαδάς . Μιχαήλ,9786185066628,ΤΣΟΤΡΑΣ ΑΝ ΑΘΑΝΑΣΙΟΣ,2016,2η,True,True,Published,True,
59364934,Αρχιτεκτονική τεχνολογία (Γ΄ έκδοση),,Τσινίκας Νίκος,9789601222592,UNIVERSITY STUDIO PRESS - ΑΝΩΝΥΜΟΣ ΕΤΑΙΡΙΑ ΓΡΑΦΙΚΩΝ ΤΕΧΝΩΝ ΚΑΙ ΕΚΔΟΣΕΩΝ,2016,3η έκδ.,True,True,Published,True,
59365814,Οικονομική των Μεταφορών,,Προφυλλίδης Βασίλης,9789604911004,Α. ΠΑΠΑΣΩΤΗΡΙΟΥ & ΣΙΑ Ι.Κ.Ε.,2016,5η εκδ.,False,False,Published,True,
59366084,Σχεδιασμός Μεταφορικών Συστημάτων,,"Σταθόπουλος Αντώνης Γ.,Καρλαύτης Ματθαίος",9789604911011,Α. ΠΑΠΑΣΩΤΗΡΙΟΥ & ΣΙΑ Ι.Κ.Ε.,2016,2η εκδ.,True,True,Published,True,
59367707,Λογισμός συναρτήσεων μιας μεταβλητής με στοιχεία διανυσματικής και γραμμικής άλγεβρας,,ΤΕΡΖΙΔΗΣ ΧΑΡΑΛΑΜΠΟΣ,9789606020797,ΑΦΟΙ ΚΥΡΙΑΚΙΔΗ ΕΚΔΟΣΕΙΣ Α.Ε.,2016,1,True,True,Published,True,
59369378,Η ΜΕΘΟΔΟΣ ΤΩΝ ΠΕΠΕΡΑΣΜΕΝΩΝ ΣΤΟΙΧΕΙΩΝ,Προσομοίωση και Ανάλυση Κατασκευών,"ΑΒΡΑΜΙΔΗΣ Ι., ΑΘΑΝΑΤΟΠΟΥΛΟΥ Α., ΜΟΡΦΙΔΗΣ Κ.",9789606706929,"""σοφία"" Ανώνυμη Εκδοτική & Εμπορική Εταιρεία",2016,1η Έκδοση,True,True,Published,True,
59373750,ΣΧΕΔΙΑΣΜΟΣ ΣΥΜΜΙΚΤΩΝ ΓΕΦΥΡΩΝ ΑΠΟ ΧΑΛΥΒΑ ΚΑΙ ΟΠΛΙΣΜΕΝΟ ΣΚΥΡΟΔΕΜΑ,,"ΙΩΑΝΝΗΣ ΒΑΓΙΑΣ, ΑΡΗΣ ΗΛΙΟΠΟΥΛΟΣ, ΠΑΥΛΟΣ ΘΑΝΟΠΟΥΛΟΣ",9789604617203,ΕΚΔΟΣΕΙΣ ΚΛΕΙΔΑΡΙΘΜΟΣ ΕΠΕ,2016,1η,True,True,Published,True,
59374011,Τεχνολογία Προστασίας Περιβάλλοντος - Επίτομο,,"Dietrich Thomas, Haberle Gregor, Haberle Heinz",9789603314660,ΜΑΡΙΑ ΠΑΡΙΚΟΥ & ΣΙΑ ΕΠΕ,2010,2η,True,True,Published,True,
59374709,Υπολογιστική ρευστομηχανική,,Μπεργελές Γ.,9789609400374,ΚΑΛΑΜΑΡΑ ΕΛΛΗ,2012,5η,True,True,Published,True,
59380527,ΤΕΧΝΙΚΗ ΠΕΡΙΒΑΛΛΟΝΤΟΣ,Διεργασίες Επεξεργασίας Νερού και Υγρών Αποβλήτων,ΝΤΑΡΑΚΑΣ ΕΥΘΥΜΙΟΣ,9789606706912,"""σοφία"" Ανώνυμη Εκδοτική & Εμπορική Εταιρεία",2016,1η έκδοση,True,True,Published,True,
59390769,ΣΙΔΗΡΟΔΡΟΜΙΚΗ,,ΠΡΟΦΥΛΛΙΔΗΣ ΒΑΣΙΛΕΙΟΣ,9786185092221,EKΔOΣEIΣ ΓIAXOYΔH Ι.Κ.Ε.,2016,1,True,True,Published,True,
59397206,Εφαρμοσμένη Υδραυλική,Ροή υπό πίεση σε κλειστούς αγωγούς,Στάμου Αναστάσιος Ι.,9789604911097,Α. ΠΑΠΑΣΩΤΗΡΙΟΥ & ΣΙΑ Ι.Κ.Ε.,2016,3η έκδ.,True,True,Published,True,
68371902,"Βιοκλιματικός σχεδιασμός , 2η έκδοση",Κλιματική αλλαγή Περιβάλλον Βιωσιμότητα,Ανδρεαδάκη - Χρονάκη Ελένη,9789601223377,UNIVERSITY STUDIO PRESS - ΑΝΩΝΥΜΟΣ ΕΤΑΙΡΙΑ ΓΡΑΦΙΚΩΝ ΤΕΧΝΩΝ ΚΑΙ ΕΚΔΟΣΕΩΝ,2017,2η έκδ.,True,True,Published,True,
68372423,Μόνιμες ροές με ελεύθερη επιφάνεια,,ΚΑΤΣΙΦΑΡΑΚΗΣ Λ. ΚΩΝΣΤΑΝΤΙΝΟΣ,9789606021763,ΑΦΟΙ ΚΥΡΙΑΚΙΔΗ ΕΚΔΟΣΕΙΣ Α.Ε.,2017,2η,True,True,Published,True,
68372433,Αρχιτεκτονικό Σχέδιο,Μεθοδολογία κατά τη σχεδίαση στην κλίμακα 1:50,"Σταματίνα Μαλικούτη, Νατάσα Μαρκοπούλου",9789605950248,ΣΥΓΧΡΟΝΗ ΕΚΔΟΤΙΚΗ ΕΠΕ,2017,1,True,True,Published,True,
68374097,"Μηχανική Υγρών Αποβλήτων, 4η Έκδοση",,Metcalf &amp; Eddy,9789604187461,ΕΚΔΟΣΕΙΣ Α. ΤΖΙΟΛΑ & ΥΙΟΙ Α.Ε.,2018,4η,True,True,Published,True,
68376077,Παραστατική Γεωμετρία,,Μαρκάτης Σ.,9789609321167,ΤΣΟΤΡΑΣ ΑΝ ΑΘΑΝΑΣΙΟΣ,2015,6η,True,True,Published,True,
68380141,ΤΕΧΝΙΚΑ ΕΡΓΑ ΥΠΟΔΟΜΗΣ,Κατασκευές στην επιφάνεια του βράχου. Υπόγειες κατασκευές. Φράγματα,ΧΡΗΣΤΟΣ ΜΑΡΑΓΚΟΣ,9607834003,ΝΙΚΟΛΑΟΣ ΜΑΡΑΓΚΟΣ,2000,2,True,True,Published,True,
68388013,ΣΤΑΤΙΚΗ ΤΩΝ ΚΑΤΑΣΚΕΥΩΝ Τόμος Ι,Θεμελιώδεις Αρχές και Ισοστατικοί Φορείς,ΑΒΡΑΜΙΔΗΣ ΙΩΑΝΝΗΣ,9789606706967,"""σοφία"" Ανώνυμη Εκδοτική & Εμπορική Εταιρεία",2017,1η,True,True,Published,True,
68395205,ΣΤΑΤΙΚΗ ΤΩΝ ΚΑΤΑΣΚΕΥΩΝ Τόμος ΙΙ,Υπερστατικοί Φορείς Κλασικές Μέθοδοι Ανάλυσης και Μητρωική Στατική,ΑΒΡΑΜΙΔΗΣ ΙΩΑΝΝΗΣ,9789606706998,"""σοφία"" Ανώνυμη Εκδοτική & Εμπορική Εταιρεία",2017,2η,True,True,Published,True,
68395522,ΑΝΤΙΣΕΙΣΜΙΚΟΣ ΣΧΕΔΙΑΣΜΟΣ ΚΤΙΡΙΩΝ Ο/Σ και ΑΡΙΘΜΗΤΙΚΑ ΠΑΡΑΔΕΙΓΜΑΤΑ ΑΝΑΛΥΣΗΣ &amp; ΔΙΑΣΤΑΣΙΟΛΟΓΗΣΗΣ ΣΥΜΦΩΝΑ ΜΕ ΤΟΥΣ ΕΥΡΩΚΩΔΙΚΕΣ,με ΠΑΡΑΡΤΗΜΑΤΑ κατασκευαστικών διατάξεων,"ΑΒΡΑΜΙΔΗΣ Ι., ΑΘΑΝΑΤΟΠΟΥΛΟΥ Α., ΜΟΡΦΙΔΗΣ Κ., ΣΕΞΤΟΣ Α.",9789606706974,"""σοφία"" Ανώνυμη Εκδοτική & Εμπορική Εταιρεία",2017,2η,True,True,Published,True,
68403376,ΣΧΕΔΙΑΣΜΟΣ ΚΑΤΑΣΚΕΥΩΝ ΑΠΟ ΟΠΛΙΣΜΕΝΟ ΣΚΥΡΟΔΕΜΑ Ι,Σύμφωνα με τους Ευρωκώδικες,ΤΣΩΝΟΣ ΑΛΕΞΑΝΔΡΟΣ - ΔΗΜΗΤΡΙΟΣ,9789606706547,"""σοφία"" Ανώνυμη Εκδοτική & Εμπορική Εταιρεία",2017,1η,True,True,Published,True,
77106802,"Επιφανειακοί Φορείς: Δίσκοι, Πλάκες και Κελύφη",,"Μακάριος Τριαντάφυλλος, Μανώλης Γεώργιος",9789604187683,ΕΚΔΟΣΕΙΣ Α. ΤΖΙΟΛΑ & ΥΙΟΙ Α.Ε.,2018,1η,True,True,Published,True,
77106818,"Αριθμητικές Μέθοδοι για Μηχανικούς, 7η Έκδοση Βελτιωμένη",,"Chapra S. - Canale R.,Φραγκίσκος Κουτελιέρης (επιμέλεια)",9789604187638,ΕΚΔΟΣΕΙΣ Α. ΤΖΙΟΛΑ & ΥΙΟΙ Α.Ε.,2018,7η Βελτιωμένη,True,True,Published,True,
77106980,ΜΑΘΗΜΑΤΙΚΑ ΙΙ,"ΣΥΝΑΡΤΗΣΕΙΣ ΠΟΛΛΩΝ ΜΕΤΑΒΛΗΤΩΝ, ΒΕΛΤΙΣΤΟΠΟΙΗΣΕΙΣ, ΔΙΑΝΥΣΜΑΤΙΚΑ ΠΕΔΙΑ, ΔΙΑΦΟΡΙΚΕΣ ΕΞΙΣΩΣΕΙΣ","ΠΕΤΡΑΚΗΣ Λ. ΑΝΔΡΕΑΣ, ΠΕΤΡΑΚΗ Α. ΔΩΡΟΘΕΑ, ΠΕΤΡΑΚΗΣ Α. ΛΕΩΝΙΔΑΣ",9786188324428,ΠΕΤΡΑΚΗ ΔΩΡΟΘΕΑ,2018,1,True,False,Published,True,
77107076,ΜΑΘΗΜΑΤΙΚΑ Ι,"Συναρτήσεις, Σειρές-Δυναμοσειρές, Μιγαδικοί Αριθμοί, Γραμμική Άλγεβρα","ΠΕΤΡΑΚΗΣ Λ. ΑΝΔΡΕΑΣ, ΠΕΤΡΑΚΗ Α. ΔΩΡΟΘΕΑ, ΠΕΤΡΑΚΗΣ Α. ΛΕΩΝΙΔΑΣ",9786188324404,ΠΕΤΡΑΚΗ ΔΩΡΟΘΕΑ,2017,2,True,False,Published,True,
77107082,THOMAS ΑΠΕΙΡΟΣΤΙΚΟΣ ΛΟΓΙΣΜΟΣ,(μετάφραση της 14ης αμερικανικής έκδοσης),"[George B. Thomas], Jr., Joel Hass, Christopher Heil, Maurice D. Weir",9789605245153,ΙΔΡΥΜΑ ΤΕΧΝΟΛΟΓΙΑΣ & ΕΡΕΥΝΑΣ-ΠΑΝΕΠΙΣΤΗΜΙΑΚΕΣ ΕΚΔΟΣΕΙΣ ΚΡΗΤΗΣ,2018,1η,True,True,Published,True,
77107426,Τεχνικό Σχέδιο,στοιχεία θεωρίας και μεθοδολογία εφαρμογών,Σταματίνα Μαλικούτη,9789605950255,ΣΥΓΧΡΟΝΗ ΕΚΔΟΤΙΚΗ ΕΠΕ,2018,1,True,True,Published,True,
77107480,ΣΤΑΤΙΚΗ ΤΟΥ ΑΠΑΡΑΜΟΡΦΩΤΟΥ ΣΩΜΑΤΟΣ,ΜΕ 351 ΛΥΜΕΝΑ ΠΑΡΑΔΕΙΓΜΑΤΑ,ΘΕΟΦΑΝΗΣ Α. ΓΕΩΡΓΟΠΟΥΛΟΣ,9786188169531,ΠΑΥΛΟΣ ΓΕΩΡΓΟΠΟΥΛΟΣ,2018,1η,True,True,Published,True,
77107649,"Υδραυλική, 3η Έκδοση",,Λιακόπουλος Αντ.,9789604187751,ΕΚΔΟΣΕΙΣ Α. ΤΖΙΟΛΑ & ΥΙΟΙ Α.Ε.,2020,3η,True,True,Published,True,
77107657,"Μηχανική Ρευστών, 2η Έκδοση",,Λιακόπουλος Αντ.,9789604187744,ΕΚΔΟΣΕΙΣ Α. ΤΖΙΟΛΑ & ΥΙΟΙ Α.Ε.,2019,2η,True,True,Published,True,
77107672,"Πληροφορική και Αρχιτεκτονική, 2η Έκδοση",Έννοιες και Τεχνολογίες,Βενέρης Γιάννης,9789604187737,ΕΚΔΟΣΕΙΣ Α. ΤΖΙΟΛΑ & ΥΙΟΙ Α.Ε.,2019,2η,True,True,Published,True,
77108689,ΑΝΑΛΥΣΗ ΚΑΤΑΣΚΕΥΩΝ: ΣΥΓΧΡΟΝΕΣ ΜΕΘΟΔΟΙ ΜΕ ΧΡΗΣΗ ΗΛΕΚΤΡΟΝΙΚΩΝ ΥΠΟΛΟΓΙΣΤΩΝ,,ΠΕΤΡΟΣ ΚΩΜΟΔΡΟΜΟΣ,9789604618606,ΕΚΔΟΣΕΙΣ ΚΛΕΙΔΑΡΙΘΜΟΣ ΕΠΕ,2018,3η,True,True,Published,True,
77109652,Διοίκηση και διαχείριση των έργων,Μέθοδοι και τεχνικές,Πολύζος Σεραφείμ,9789605862541,ΕΚΔΟΣΕΙΣ ΚΡΙΤΙΚΗ ΑΝΩΝΥΜΗ ΕΤΑΙΡΕΙΑ ΕΠΙΣΤΗΜΟΝΙΚΩΝ ΛΟΓΟΤΕΧΝΙΚΩΝ ΚΑΙ ΚΑΛΛΙΤΕΧΝΙΚΩΝ ΕΚΔΟΣΕΩΝ,2018,3η έκδ.,True,True,Published,True,
77109712,"Δομικές μηχανές, λειτουργική ανάλυση και κοστολόγηση έργων πολιτικού μηχανικού",,"Πετρουτσάτου Κλαίρη, Μαρινέλλη Μαρίνα",9789605862534,ΕΚΔΟΣΕΙΣ ΚΡΙΤΙΚΗ ΑΝΩΝΥΜΗ ΕΤΑΙΡΕΙΑ ΕΠΙΣΤΗΜΟΝΙΚΩΝ ΛΟΓΟΤΕΧΝΙΚΩΝ ΚΑΙ ΚΑΛΛΙΤΕΧΝΙΚΩΝ ΕΚΔΟΣΕΩΝ,2018,2η έκδ.,True,True,Published,True,
77109719,Απειροστικός λογισμός,,"Briggs William, Cochran Lyle, Gillett Bernard",9789605862343,ΕΚΔΟΣΕΙΣ ΚΡΙΤΙΚΗ ΑΝΩΝΥΜΗ ΕΤΑΙΡΕΙΑ ΕΠΙΣΤΗΜΟΝΙΚΩΝ ΛΟΓΟΤΕΧΝΙΚΩΝ ΚΑΙ ΚΑΛΛΙΤΕΧΝΙΚΩΝ ΕΚΔΟΣΕΩΝ,2018,1η έκδ.,True,True,Published,True,
77110959,Τεχνικές Αναπαράστασης με γεωμετρικές μεθόδους και σύγχρονα Ψηφιακά Μέσα,,Κουρνιάτης Νικόλαος,9789604188215,ΕΚΔΟΣΕΙΣ Α. ΤΖΙΟΛΑ & ΥΙΟΙ Α.Ε.,2018,1η,True,True,Published,True,
77111885,ΓΕΩΓΡΑΦΙΚΑ ΣΥΣΤΗΜΑΤΑ ΠΛΗΡΟΦΟΡΙΩΝ ΚΑΙ ΑΝΑΛΥΣΗ ΧΩΡΟΥ,,ΚΟΥΤΣΟΠΟΥΛΟΣ ΚΩΣΤΗΣ,9786185242114,ΕΚΔΟΣΕΙΣ ΔΙΣΙΓΜΑ ΙΚΕ,2017,1,True,True,Published,True,
77111963,ΕΦΑΡΜΟΣΜΕΝΗ ΤΟΠΟΓΡΑΦΙΑ - ΤΟΜΟΣ Β',,"ΠΑΝΑΓΙΩΤΟΠΟΥΛΟΣ ΕΛΕΥΘΕΡΙΟΣ, ΚΑΡΙΩΤΗΣ ΓΕΩΡΓΙΟΣ, ΣΥΜΕΩΝΙΔΗΣ ΠΑΥΛΟΣ",9789609495103,ΕΚΔΟΣΕΙΣ ΔΙΣΙΓΜΑ ΙΚΕ,2010,2,True,True,Published,True,
77112284,ΣΤΟΙΧΕΙΑ ΤΟΠΟΓΡΑΦΙΑΣ,,ΣΤΥΛΙΑΝΙΔΗΣ ΕΥΣΤΡΑΤΙΟΣ,9789609495141,ΕΚΔΟΣΕΙΣ ΔΙΣΙΓΜΑ ΙΚΕ,2011,1,True,True,Published,True,
77112857,Career Paths - Construction 1 Buildings Students Book With Digibook App,,"Virginia Evans, Jenny Dooley, Mark Chavez",9781471562525,EXPRESS PUBLISHING ΑΝΩΝΥΜΗ ΕΚΔΟΤΙΚΗ ΕΤΑΙΡΕΙΑ,2015,1η έκδ.,True,True,Published,True,
77117411,"Τεχνική Υδρολογία, 6η έκδοση",,"Μπαλτάς Ευάγγελος, Μιμίκου Μαρία",9789604911257,Α. ΠΑΠΑΣΩΤΗΡΙΟΥ & ΣΙΑ Ι.Κ.Ε.,2018,6η,True,True,Published,True,
77117458,ΣΥΜΜΙΚΤΕΣ ΚΑΤΑΣΚΕΥΕΣ ΑΠΟ ΧΑΛΥΒΑ ΚΑΙ ΟΠΛΙΣΜΕΝΟ ΣΚΥΡΟΔΕΜΑ,,ΙΩΑΝΝΗΣ Κ. ΒΑΓΙΑΣ,9789604618941,ΕΚΔΟΣΕΙΣ ΚΛΕΙΔΑΡΙΘΜΟΣ ΕΠΕ,2018,4η,True,True,Published,True,
77118601,Υδροδυναμικά Έργα,,Τσόγκας Χρήστος Ε.,9789604565092,Ζήτη Πελαγία & Σια Ι.Κ.Ε.,2018,1η έκδ.,True,True,Published,True,
77119166,Οικονομική των Μεταφορών,,Ευάγγελος Σαμπράκος,9789607996756,Μαρκέλλα Ι. Βαρβαρήγου,2018,1,True,True,Published,True,
77119353,ΣΤΟΙΧΕΙΑ ΥΔΡΑΥΛΙΚΗΣ ΚΛΕΙΣΤΩΝ ΚΑΙ ΑΝΟΙΚΤΩΝ ΑΓΩΓΩΝ,,ΑΛΕΞΑΝΔΡΟΣ ΔΗΜΗΤΡΑΚΟΠΟΥΛΟΣ,9789609427722,ΓΚΟΤΣΗΣ ΚΩΝ/ΝΟΣ & ΣΙΑ Ε.Ε.,2018,1,True,True,Published,True,
86053650,ΜΗΧΑΝΙΚΗ ΤΩΝ ΥΛΙΚΩΝ,ΕΛΑΣΤΙΚΟΤΗΤΑ ΑΝΤΟΧΗ,"Γ.Α. ΠΑΠΑΔΟΠΟΥΛΟΣ,Β.Γ.ΒΑΔΑΛΟΥΚΑ",9789608923928,ΒΑΔΑΛΟΥΚΑΣ ΣΥΜΒΟΥΛΟΙ ΜΗΧΑΝΙΚΟΙ Ι.Κ.Ε.,2009,1,True,False,Published,True,
86054250,"Μαθήματα Γεωδαισίας, 2η Έκδοση",Βασικές Αρχές και Εφαρμογές,Γεωργόπουλος Γ.,9789604187362,ΕΚΔΟΣΕΙΣ Α. ΤΖΙΟΛΑ & ΥΙΟΙ Α.Ε.,2019,2η,True,True,Published,True,
86054388,Φυσική,,"Δαυΐδ Κωνσταντίνος, Μυλωνάς Νικόλαος",9789604188376,ΕΚΔΟΣΕΙΣ Α. ΤΖΙΟΛΑ & ΥΙΟΙ Α.Ε.,2019,1η,True,True,Published,True,
86054605,ΥΠΟΛΟΓΙΣΤΙΚΗ ΡΕΥΣΤΟΔΥΝΑΜΙΚΗ,,T.J. CHUNG,9789603307884,ΓΡΗΓΟΡΙΟΣ ΧΡΥΣΟΣΤΟΜΟΥ ΦΟΥΝΤΑΣ,2019,2,True,True,Published,True,
86054621,Περιβαλλοντική Χημεία και Μηχανική,Θεωρία και Εργαστηριακές Ασκήσεις,"Νταρακάς Ευθύμιος, Πεταλά Μαρία, Τσιρίδης Βασίλειος",9789604186402,ΕΚΔΟΣΕΙΣ Α. ΤΖΙΟΛΑ & ΥΙΟΙ Α.Ε.,2019,1η,True,True,Published,True,
86054774,ΑΝΤΟΧΗ ΤΩΝ ΥΛΙΚΩΝ,Μηχανική παραμορφώσιμου στερεού,ΒΟΥΘΟΥΝΗΣ ΠΑΝΑΓΙΩΤΗΣ,9786188328037,ΒΟΥΘΟΥΝΗ ΑΝΔΡΟΜΑΧΗ,2019,4,True,True,Published,True,
86055189,ΜΗΧΑΝΙΚΗ ΤΩΝ ΡΕΥΣΤΩΝ,ΤΡΙΤΗ ΕΚΔΟΣΗ,ΠΑΠΑΪΩΑΝΝΟΥ ΑΓΓΕΛΟΣ,9789606330049,"""σοφία"" Ανώνυμη Εκδοτική & Εμπορική Εταιρεία",2019,3η Έκδοση,True,True,Published,True,
86055568,ΟΔΟΠΟΙΪΑ: ΟΔΟΣΤΡΩΜΑΤΑ-ΥΛΙΚΑ-ΕΛΕΓΧΟΣ ΠΟΙΟΤΗΤΑΣ,,ΑΘ. Φ. ΝΙΚΟΛΑΪΔΗΣ,9786188416604,ΙΩΑΝΝΗΣ ΝΙΚΟΛΑΪΔΗΣ Ι.Κ.Ε.,2019,4,True,True,Published,True,
86055658,ΑΕΡΟΔΡΟΜΙΑ: ΜΕΛΕΤΗ ΚΑΙ ΚΑΤΑΣΚΕΥΗ,,ΑΘ. Φ. ΝΙΚΟΛΑΪΔΗΣ,9789609184960,ΙΩΑΝΝΗΣ ΝΙΚΟΛΑΪΔΗΣ Ι.Κ.Ε.,2017,2,True,True,Published,True,
86055863,ΘΕΜΕΛΙΩΣΕΙΣ - ΑΝΤΙΣΤΗΡΙΞΕΙΣ: ΟΡΙΑΚΗ ΙΣΟΡΡΟΠΙΑ - ΑΡΙΘΜΗΤΙΚΕΣ ΜΕΘΟΔΟΙ,,ΑΙΜΙΛΙΟΣ Μ. ΚΩΜΟΔΡΟΜΟΣ,9789604619528,ΕΚΔΟΣΕΙΣ ΚΛΕΙΔΑΡΙΘΜΟΣ ΕΠΕ,2019,2η,False,False,Published,True,
86056685,"Θεωρία σχεδιασμού, επισκευών και ενισχύσεων",,Τάσιος Θ.,9789601100302,Σ.ΑΘΑΝΑΣΟΠΟΥΛΟΣ & ΣΙΑ Ι.Κ.Ε,2014,3η,True,True,Published,True,
86057397,ΕΦΑΡΜΟΣΜΕΝΗ ΤΟΠΟΓΡΑΦΙΑ - ΤΟΜΟΣ Α',,"ΚΑΡΙΩΤΗΣ ΓΕΩΡΓΙΟΣ, ΠΑΝΑΓΙΩΤΟΠΟΥΛΟΣ ΕΛΕΥΘΕΡΙΟΣ",9786185242541,ΕΚΔΟΣΕΙΣ ΔΙΣΙΓΜΑ ΙΚΕ,2019,3,True,True,Published,True,
86192352,ΜΑΘΑΙΝΟΝΤΑΣ ΤΑ GIS ΣΤΗΝ ΠΡΑΞΗ,ΤΟ ARCGIS 10.5,"ΤΣΟΥΧΛΑΡΑΚΗ ΑΝΔΡΟΝΙΚΗ, ΑΧΙΛΛΕΩΣ ΓΕΩΡΓΙΟΣ, ΚΟΥΡΓΙΑΛΑΣ ΝΕΚΤΑΡΙΟΣ",9786185242572,ΕΚΔΟΣΕΙΣ ΔΙΣΙΓΜΑ ΙΚΕ,2019,3,True,True,Published,True,
86193757,ΣΤΑΤΙΚΗ ΡΑΒΔΩΤΩΝ ΦΟΡΕΩΝ-ΙΣΟΣΤΑΤΙΚΟΙ ΦΟΡΕΙΣ,,Ε.ΣΑΠΟΥΝΤΖΑΚΗΣ,9786185309596,ΤΣΟΤΡΑΣ ΑΝ ΑΘΑΝΑΣΙΟΣ,2019,2η,True,True,Published,True,
86193772,ΣΧΕΔΙΑΣΜΟΣ ΚΑΤΑΣΚΕΥΩΝ ΑΠΟ ΩΠΛΙΣΜΕΝΟ ΣΚΥΡΟΔΕΜΑ ΚΑΙ ΣΕΙΣΜΙΚΕΣ ΔΡΑΣΕΙΣ,Σύγχρονες αντιλήψεις και Ευρωκώδικες,ΚΑΡΑΓΙΑΝΝΗΣ ΧΡΗΣΤΟΣ,9789606330056,"""σοφία"" Ανώνυμη Εκδοτική & Εμπορική Εταιρεία",2019,1η,True,True,Published,True,
86197319,Προς μια Ελλάδα με λιγότερα αυτοκίνητα,Χωρικός Σχεδιασμός και ‘Στρατηγικές Βιώσιμης Αστικής Κινητικότητας – ΣΒΑΚ’ απέναντι στην κλιματική αλλαγή,"Βλαστός Θάνος., Μπακογιάννης Ευθύμιος",9789606122484,ΕΚΔΟΣΕΙΣ ΓΡΗΓΟΡΗ ΟΕ,2019,1,True,True,Published,True,
86198313,Προστασία Κτιρίων,"Θερμομόνωση, Ηχομόνωση - Ηχοπροστασία",Χρήστος Γ. Αθανασόπουλος,9789605314330,ΔΙΑΥΛΟΣ Α.Ε. ΕΚΔΟΣΕΙΣ ΒΙΒΛΙΩΝ,2019,Γ,True,True,Published,True,
86198385,"Τεχνική Γεωλογία, 2η έκδοση",,"Κούκης Γεώργιος Χ.,Σαμπατακάκης Νικόλαος Σ.",9789604911301,Α. ΠΑΠΑΣΩΤΗΡΙΟΥ & ΣΙΑ Ι.Κ.Ε.,2019,2η,True,True,Published,True,
86199419,Διοίκηση - Διαχείριση Έργου - 5η έκδοση,Project Management,Αντώνης Δημητριάδης,9789605780517,ΕΚΔΟΣΕΙΣ ΝΕΩΝ ΤΕΧΝΟΛΟΓΙΩΝ ΙΔΙΩΤΙΚΗ ΚΕΦΑΛΑΙΟΥΧΙΚΗ ΕΤΑΙΡΕΙΑ,2019,5,True,True,Published,True,
86199438,Στοιχεία Γεωμηχανικής. Μηχανική Πετρωμάτων,,Αγιουτάντης Γ. Ζαχαρίας,9789605083021,ΜΑΡΙΑ ΠΑΡΙΚΟΥ & ΣΙΑ ΕΠΕ,2019,2η,True,True,Published,True,
86201084,ΚΑΤΑΣΚΕΥΕΣ ΑΠΟ ΤΟΙΧΟΠΟΙΙΑ,ΑΠΟΤΙΜΗΣΗ ΚΑΙ ΕΠΕΜΒΑΣΕΙΣ ΓΙΑ ΣΕΙΣΜΙΚΑ ΦΟΡΤΙΑ,ΚΩΝΣΤΑΝΤΙΝΟΣ ΣΠΥΡΑΚΟΣ,9786180012569,ΕΡΓΟΝΟΜΟΣ ΙΚΕ,2019,1η,True,True,Published,True,
94642845,Κατασκευή Κτιρίων,Σύνθεση και Τεχνολογία,Χρήστος Γ. Αθανασόπουλος,9789605314415,ΔΙΑΥΛΟΣ Α.Ε. ΕΚΔΟΣΕΙΣ ΒΙΒΛΙΩΝ,2020,Ζ,True,True,Published,True,
94643849,Εφαρμοσμένη Στατιστική και Πιθανότητες για Μηχανικούς-Με χρήση SPSS και MATLAB,,"Παπαγεωργίου Έφη, Χαλικιάς Μιλτιάδης",9789925576579,BROKEN HILL PUBLISHERS LTD,2020,1,True,True,Published,True,
94644084,ΣΤΑΤΙΚΗ,Μηχανική απαραμόρφωτου στερεού,ΒΟΥΘΟΥΝΗΣ ΠΑΝΑΓΙΩΤΗΣ,9786188328051,ΒΟΥΘΟΥΝΗ ΑΝΔΡΟΜΑΧΗ,2020,7,True,True,Published,True,
94646123,Δυναμική Ανάλυση των Κατασκευών,,Κατσικαδέλης Ι.,9786185309992,ΤΣΟΤΡΑΣ ΑΝ ΑΘΑΝΑΣΙΟΣ,2020,3η,True,True,Published,True,
94688988,Υδρολογία και Υδραυλική,,Μυρωνίδης Δημήτριος,9789604188840,ΕΚΔΟΣΕΙΣ Α. ΤΖΙΟΛΑ & ΥΙΟΙ Α.Ε.,2021,1η,True,True,Published,True,
94688998,"Περιβαλλοντική Μηχανική, 3η Έκδοση",Ρύπανση και Προστασία Περιβάλλοντος,Κούγκολος Αθανάσιος,9789604188680,ΕΚΔΟΣΕΙΣ Α. ΤΖΙΟΛΑ & ΥΙΟΙ Α.Ε.,2021,3η,False,False,Published,True,
94689233,ΔΙΑΝΥΣΜΑΤΙΚΗ ΑΝΑΛΥΣΗ,,ΔΗΜΗΤΡΗΣ ΣΟΥΡΛΑΣ,9789605301798,Εταιρεία Αξιοποίησης και Διαχείρισης Περιουσίας Πανεπιστημίου Πατρών,2020,Α' ΕΚΔΟΣΗ,True,True,Published,True,
94690348,ΑΚΤΟΜΗΧΑΝΙΚΗ ΚΑΙ ΛΙΜΕΝΙΚΑ ΕΡΓΑ,,"ΚΑΡΑΜΠΑΣ ΘΕΟΦΑΝΗΣ, ΔΗΜΑΣ ΑΘΑΝΑΣΙΟΣ, ΛΟΥΚΟΓΕΩΡΓΑΚΗ ΕΥΑΓΓΕΛΙΑ",9786185242923,ΕΚΔΟΣΕΙΣ ΔΙΣΙΓΜΑ ΙΚΕ,2020,1,True,True,Published,True,
102070175,ΣΤΑΤΙΣΤΙΚΗ ΠΙΘΑΝΟΤΗΤΕΣ,ΣΥΝΔΙΑΣΤΙΚΗ ΑΝΑΛΥΣΗ ΔΙΑΚΥΜΑΝΣΗΣ ΑΝΑΛΥΣΗ ΠΑΛΙΝΔΡΟΜΗΣΗΣ,"ΑΝΔΡΕΑΣ Λ. ΠΕΤΡΑΚΗΣ, ΔΩΡΟΘΕΑ Α. ΠΕΤΡΑΚΗ, ΛΕΩΝΙΔΑΣ Α. ΠΕΤΡΑΚΗΣ",9786188324459,ΠΕΤΡΑΚΗ ΔΩΡΟΘΕΑ,2021,1,True,False,Published,True,
102070459,ΔΟΥΛΕΨΤΕ ΜΕ ΤΟ AUTOCAD 2022,"ΚΑΛΥΠΤΕΙ ΕΠΙΣΗΣ ΤΟ AUTOCAD 2018 ΕΩΣ 2021, ΚΑΘΩΣ ΚΑΙ ΤΑ EXPRESS TOOLS",ΓΙΑΝΝΗΣ Θ. ΚΑΠΠΟΣ,9789606452345,ΕΚΔΟΣΕΙΣ ΚΛΕΙΔΑΡΙΘΜΟΣ ΕΠΕ,2021,1η,True,True,Published,True,
102070523,ΕΠΙΤΟΠΟΥ ΔΟΚΙΜΕΣ ΣΤΗ ΓΕΩΤΕΧΝΙΚΗ ΜΗΧΑΝΙΚΗ,Εφαρμογές στο σχεδιασμό θεμελιώσεων,ΧΡΗΣΤΟΣ Ν. ΜΑΡΑΓΚΟΣ,9786188483903,ΝΙΚΟΛΑΟΣ ΜΑΡΑΓΚΟΣ,2020,1,True,True,Published,True,
102073543,ΑΝΤΙΣΕΙΣΜΙΚΟΣ ΣΧΕΔΙΑΣΜΟΣ ΚΑΤΑΣΚΕΥΩΝ ΑΠΟ ΟΠΛΙΣΜΕΝΟ ΣΚΥΡΟΔΕΜΑ,Καινοτόμες Εφαρμογές - Ευρωκώδικες,ΤΣΩΝΟΣ ΑΛΕΞΑΝΔΡΟΣ - ΔΗΜΗΤΡΗΣ,9789606330315,"""σοφία"" Ανώνυμη Εκδοτική & Εμπορική Εταιρεία",2021,1η,True,True,Published,True,
102075353,Φυσική:Βασικές αρχές,"Μηχανική,Κυματική,Θερμοδυναμική","Halliday David, Resnick Robert,Walker Jearl( Γενική επιστ.επιμ. Στυλιάρης Ευστάθιος)",9789600122343,Γ. ΔΑΡΔΑΝΟΣ ΚΑΙ ΣΙΑ Ε.Ε.,2021,1η,True,True,Published,True,
102123614,Οπλισμένο Σκυρόδεμα. Προσομοίωση και Σχεδιασμός,,Μαρίνα Μωρέττη,9786185495572,ΕΚΔΟΣΕΙΣ ΤΣΟΤΡΑΣ ΑΘΑΝΑΣΙΟΣ Ε.Ε.,2021,1η,True,True,Published,True,
102124090,ΣΤΟΙΧΕΙΑ ΣΧΕΔΙΑΣΜΟΥ ΕΡΓΩΝ ΥΔΡΕΥΣΗΣ ΚΑΙ ΑΠΟΧΕΤΕΥΣΗΣ,,ΛΑΓΓΟΥΣΗΣ ΑΝΔΡΕΑΣ - ΦΟΥΡΝΙΩΤΗΣ ΝΙΚΟΛΑΟΣ,9786185560089,ΓΚΟΤΣΗΣ ΚΩΝ/ΝΟΣ & ΣΙΑ Ε.Ε.,2024,2,True,True,Published,True,
102124164,Νέος οικοδομικός κανονισμός,"Ο ν.4067/2012 κωδικοποιημένος και πλήρης, όπως αυτός έχει τροποποιηθεί και ισχύει έως σήμερα","Μοσχάκη Ευδοκία Αρχιτέκτων Μηχανικός Ε.Μ.Π., Μάρα Σοφία Αρχιτέκτων Μηχανικός Ε.Μ.Π.",9786185499112,Ευαγγελία Παν. Δεδεμάδη,2021,Έκτη,True,True,Published,True,
112690832,Πανεπιστημιακή φυσική με σύγχρονη φυσική,Μηχανική - Κύματα - Θερμοδυναμική,"Young H., Freedman R.",9789600238242,ΕΚΔΟΣΕΙΣ Α.ΠΑΠΑΖΗΣΗΣ ΜΟΝΟΠΡΟΣΩΠΗ ΙΔΙΩΤΙΚΗ ΚΕΦΑΛΑΙΟΥΧΙΚΗ ΕΤΑΙΡΕΙΑ,2022,4η ελληνική έκδ.,True,True,Published,True,
112691352,ΚΑΤΑΣΚΕΥΕΣ ΑΠΟ ΠΡΟΕΝΤΕΤΑΜΕΝΟ ΣΚΥΡΟΔΕΜΑ,,ΚΑΡΑΓΙΑΝΝΗΣ ΧΡΗΣΤΟς,9789606330377,"""σοφία"" Ανώνυμη Εκδοτική & Εμπορική Εταιρεία",2022,1η,True,True,Published,True,
112691973,"Πιθανότητες και Στατιστική για Μηχανικούς, 2η Έκδοση",Με εφαρμογές στο MATLAB και το SPSS,Μυλωνάς Νίκος - Παπαδόπουλος Βασίλειος,9789604189984,ΕΚΔΟΣΕΙΣ Α. ΤΖΙΟΛΑ & ΥΙΟΙ Α.Ε.,2023,2η,True,True,Published,True,
112693185,ΑΣΤΙΚΟΙ ΜΕΤΑΣΧΗΜΑΤΙΣΜΟΙ ΚΑΙ ΠΟΛΕΟΔΟΜΙΚΕΣ ΕΦΑΡΜΟΓΕΣ,,"ΘΕΟΔΩΡΙΔΟΥ ΛΙΛΑ, ΚΑΡΙΩΤΟΥ ΓΛΥΚΕΡΙΑ",9786182020920,ΕΚΔΟΣΕΙΣ ΔΙΣΙΓΜΑ ΙΚΕ,2022,2,True,True,Published,True,
112693647,"Γεωλογία, 2η Έκδοση",Θεμελιώδεις Έννοιες για Μηχανικούς,Ροντογιάννη-Τσιαμπάου Θεοδώρα,9789604189908,ΕΚΔΟΣΕΙΣ Α. ΤΖΙΟΛΑ & ΥΙΟΙ Α.Ε.,2023,2η,True,True,Published,True,
112694732,ΚΤΙΡΙΑ ΑΠΟ ΣΚΥΡΟΔΕΜΑ ΣΕ ΣΕΙΣΜΟΓΕΝΕΙΣ ΠΕΡΙΟΧΕΣ,,"ΓΕΩΡΓΙΟΣ Γ. ΠΕΝΕΛΗΣ, ΓΡΗΓΟΡΙΟΣ Γ. ΠΕΝΕΛΗΣ",9789606453236,ΕΚΔΟΣΕΙΣ ΚΛΕΙΔΑΡΙΘΜΟΣ ΕΠΕ,2022,2η Αγγλική,True,True,Published,True,
112696567,"Γεωλογία Τεχνικών Έργων, 2η Έκδοση",,"Κούκης Γεώργιος Χ., Σαμπατακάκης Νικόλαος Σ.",9789604911363,Α. ΠΑΠΑΣΩΤΗΡΙΟΥ & ΣΙΑ Ι.Κ.Ε.,2022,2η,True,True,Published,True,
112696634,Οδοποιία- Η διαχείριση των οδικών έργων,,Μουρατίδης Αναστάσιος,9789601225913,UNIVERSITY STUDIO PRESS - ΑΝΩΝΥΜΟΣ ΕΤΑΙΡΙΑ ΓΡΑΦΙΚΩΝ ΤΕΧΝΩΝ ΚΑΙ ΕΚΔΟΣΕΩΝ,2023,2η έκδ.,True,True,Published,True,
112701512,ΕΠΙΣΚΕΥΕΣ ΚΤΙΡΙΩΝ ΜΕ ΒΛΑΒΕΣ ΑΠΟ ΣΕΙΣΜΟ ΚΑΙ ΠΡΟΣΕΙΣΜΙΚΕΣ ΚΑΙ ΜΕΤΑΣΕΙΣΜΙΚΕΣ ΕΠΕΜΒΑΣΕΙΣ,,ΜΑΤΙΛΝΤΑ ΓΡΗΓ. ΦΟΥΝΤΑ,9789603307877,ΓΡΗΓΟΡΙΟΣ ΧΡΥΣΟΣΤΟΜΟΥ ΦΟΥΝΤΑΣ,2022,1,True,True,Published,True,
112704727,Τεχνολογία Δομικών Υλικών,Θεωρία και Πειραματικές μέθοδοι αποτίμησης της δομικής ακεραιότητας υλικών και κατασκευών,"Κακαβάς - Παπανιάρος Παναγιώτης, Λέμης - Πετρόπουλος Παναγιώτης",9789604565894,Ζήτη Πελαγία & Σια Ι.Κ.Ε.,2022,1η έκδ.,True,True,Published,True,
122074113,"Οικοδομική και Αρχιτεκτονική Σύνθεση, 42η Γερμανική Έκδοση",,"Ernst Neufert, Johannes Kister",9789605127510,Χ. ΓΚΙΟΥΡΔΑ & ΣΙΑ ΕΕ,2022,42η,True,True,Published,True,
122074535,"Γεωθερμία, 1η Βελτιωμένη Έκδοση",Γεωθερμικοί Πόροι - Γεωθερμικά Ρευστά - Εφαρμογές - Περιβάλλον,"Φυτίκας Μιχαήλ, Ανδρίτσος Νικόλαος",9786182210116,ΕΚΔΟΣΕΙΣ Α. ΤΖΙΟΛΑ & ΥΙΟΙ Α.Ε.,2023,1η Βελτιωμένη,True,True,Published,True,
122075007,MATLAB: ΜΙΑ ΠΡΑΚΤΙΚΗ ΕΙΣΑΓΩΓΗ ΣΤΟΝ ΠΡΟΓΡΑΜΜΑΤΙΣΜΟ ΚΑΙ ΤΗΝ ΕΠΙΛΥΣΗ ΠΡΟΒΛΗΜΑΤΩΝ,,STORMY ATTAWAY,9789606454738,ΕΚΔΟΣΕΙΣ ΚΛΕΙΔΑΡΙΘΜΟΣ ΕΠΕ,2023,6η Αμερικανική,True,True,Published,True,
122075443,Γραμμική άλγεβρα για μηχανικούς,Mε εφαρμογές και δραστηριότητες σε MATLAB (Octave),"Φαμέλης Ιωάννης Θ., Ματιάδου Νίκη-Λίνα",9789605864446,ΕΚΔΟΣΕΙΣ ΚΡΙΤΙΚΗ ΑΝΩΝΥΜΗ ΕΤΑΙΡΕΙΑ ΕΠΙΣΤΗΜΟΝΙΚΩΝ ΛΟΓΟΤΕΧΝΙΚΩΝ ΚΑΙ ΚΑΛΛΙΤΕΧΝΙΚΩΝ ΕΚΔΟΣΕΩΝ,2023,1η έκδ.,True,True,Published,True,
122079692,Αντοχή Υλικών,,Βελαώρας Ιωάννης,9789604114191,ΜΑΡΙΑ ΠΑΡΙΚΟΥ & ΣΙΑ ΕΠΕ,2003,4η έκδ.,True,True,Published,True,
122079916,Γεωτεχνικές Κατασκεύες Ι,Ανάλυση των Αρχών Σχεδιασμού &amp; Κατασκευής,Κωστόπουλος Σπύρος Δ.,9604115634,ΜΑΡΙΑ ΠΑΡΙΚΟΥ & ΣΙΑ ΕΠΕ,2008,2η,True,True,Published,True,
122079920,Γεωτεχνικές Κατασκευές ΙΙ,Ανάλυση των αρχών σχεδιασμού &amp; κατασκευής,Κωστόπουλος Σπύρος Δ.,9789604116577,ΜΑΡΙΑ ΠΑΡΙΚΟΥ & ΣΙΑ ΕΠΕ,2008,1η έκδ.,True,True,Published,True,
122081533,Πειραματική Γεωτεχνική Μηχανική,,Κωστόπουλος Δ. Σπύρος,9789604115150,ΜΑΡΙΑ ΠΑΡΙΚΟΥ & ΣΙΑ ΕΠΕ,2005,1η έκδ.,True,True,Published,True,
122082148,Στοιχεία Οδοποιίας,,Κοφίτσας Ιωάννης Δ.,9789604111855,ΜΑΡΙΑ ΠΑΡΙΚΟΥ & ΣΙΑ ΕΠΕ,2009,2η έκδ.,True,True,Published,True,
122087848,"Αεροπορικές Μεταφορές και Αεροδρόμια, 2η έκδοση",,Προφυλλίδης Βασίλης,9789604911806,Α. ΠΑΠΑΣΩΤΗΡΙΟΥ & ΣΙΑ Ι.Κ.Ε.,2023,2η,True,True,Published,True,
122092020,Μοντέρνα Αρχιτεκτονική. Κριτική ιστορία,5η εμπλουτισμένη έκδοση,Kenneth Frampton,9789603104506,ΕΚΔΟΣΕΙΣ ΘΕΜΕΛΙΟ ΕΠΕ,2023,1η,True,True,Published,True,
122092694,"Δημόσιοι τόποι, αστικοί χώροι",Οι διαστάσεις του αστικού σχεδιασμού,"Carmona Matthew, Επιμ. Χριστοδούλου Χάρις",9789601226354,UNIVERSITY STUDIO PRESS - ΑΝΩΝΥΜΟΣ ΕΤΑΙΡΙΑ ΓΡΑΦΙΚΩΝ ΤΕΧΝΩΝ ΚΑΙ ΕΚΔΟΣΕΩΝ,2024,1η ελληνική έκδ.,True,True,Published,True,
133024617,Πόλη και πολεοδομικές πρακτικές,Για τη βιώσιμη αστική ανάπτυξη,"Ανδρικοπούλου Ελένη, Γιαννακού Αθηνά, Καυκαλάς Γρηγόρης, Πιτσιάβα - Λατινοπούλου Μάγδα",9789605865047,ΕΚΔΟΣΕΙΣ ΚΡΙΤΙΚΗ ΑΝΩΝΥΜΗ ΕΤΑΙΡΕΙΑ ΕΠΙΣΤΗΜΟΝΙΚΩΝ ΛΟΓΟΤΕΧΝΙΚΩΝ ΚΑΙ ΚΑΛΛΙΤΕΧΝΙΚΩΝ ΕΚΔΟΣΕΩΝ,2024,3η έκδ.,True,True,Published,True,
133024718,Θέματα από την κυκλοφοριακή μηχανική,(Κυκλοφοριακή Τεχνική),Κοπελιάς Παντελής,9789605865122,ΕΚΔΟΣΕΙΣ ΚΡΙΤΙΚΗ ΑΝΩΝΥΜΗ ΕΤΑΙΡΕΙΑ ΕΠΙΣΤΗΜΟΝΙΚΩΝ ΛΟΓΟΤΕΧΝΙΚΩΝ ΚΑΙ ΚΑΛΛΙΤΕΧΝΙΚΩΝ ΕΚΔΟΣΕΩΝ,2025,1η έκδ.,True,True,Published,True,
133024765,"Εισαγωγή στην Υπολογιστική Ρευστοδυναμική, 2η Βελτιωμένη Έκδοση",Η Μέθοδος των Πεπερασμένων Όγκων,"Versteeg, Μalalasekera, Υάκινθος Κύρος (Επιστ. Επιμέλεια)",9786182210710,ΕΚΔΟΣΕΙΣ Α. ΤΖΙΟΛΑ & ΥΙΟΙ Α.Ε.,2024,2η Βελτιωμένη,True,True,Published,True,
133025683,Νέος οικοδομικός κανονισμός (Ν.4067/2012),Ερμηνεία κατ’ άρθρο – Αποφάσεις ΣτΕ και Διοικητικών Εφετείων – Εγκύκλιοι – Γνωμοδοτήσεις ΝΣΚ – Αποφάσεις ΔΑΟΚΑ – Αποφάσεις ΚΕΣΑ,Μέλισσας Κ. Δημήτρης,9789606488061,ΕΚΔΟΣΕΙΣ ΣΑΚΚΟΥΛΑ ΑΕ,2024,4η,True,True,Published,True,
133029958,"Τεχνική Γεωλογία, 1η Βελτιωμένη Έκδοση",,"Στουρνάρας Γεώργιος, Σταυροπούλου Μαρία",9786182211182,ΕΚΔΟΣΕΙΣ Α. ΤΖΙΟΛΑ & ΥΙΟΙ Α.Ε.,2024,1η Βελτιωμένη,True,True,Published,True,
133031346,Υδραυλική Kλειστών και Aνοικτών Aγωγών,,Πρίνος Παναγιώτης,9789604566259,Ζήτη Πελαγία & Σια Ι.Κ.Ε.,2024,2η έκδ.,True,True,Published,True,
133031395,"Γραμμικό Σχέδιο, Τόμος 1","Τόμος 1: θεωρία, σχεδιαστικές τεχνικές, εφαρμογές, ασκήσεις",Παυλίδης Ιορδάνης Θ.,9789604566181,Ζήτη Πελαγία & Σια Ι.Κ.Ε.,2024,3η έκδ.,True,True,Published,True,
133033478,"Περιβαλλοντική Υδρογεωλογία, 2η Έκδοση",Νερά και Περιβάλλον,Βουδούρης Κώστας,9786182211243,ΕΚΔΟΣΕΙΣ Α. ΤΖΙΟΛΑ & ΥΙΟΙ Α.Ε.,2025,2η,True,True,Published,True,
133033882,ΟΔΟΠΟΙΙΑ Ι - ΧΑΡΑΞΕΙΣ ΚΑΙ ΥΠΟΛΟΓΙΣΜΟΣ ΧΩΜΑΤΙΣΜΩΝ,ΘΕΩΡΙΑ ΚΑΙ ΠΡΑΚΤΙΚΗ,Αναστάσιος Κ. Αποστολέρης,9786188734302,ΑΠΟΣΤΟΛΕΡΗΣ ΚΑΙ ΣΙΑ Ο.Ε.,2024,3,True,True,Published,True,
133034298,"Αριθμητικές Μέθοδοι και Εφαρμογές για Μηχανικούς, 5η Έκδοση",Με παραδείγματα στο Matlab,"Σαρρής Ιωάννης, Καρακασίδης Θεόδωρος",9786182211335,ΕΚΔΟΣΕΙΣ Α. ΤΖΙΟΛΑ & ΥΙΟΙ Α.Ε.,2025,5η,True,True,Published,True,
143547568,ΝΑΥΤΙΛΙΑ ΚΑΙ ΠΕΡΙΒΑΛΛΟΝ – Βελτιώνοντας την Περιβαλλοντική Απόδοση στις Θαλάσσιες Μεταφορές,,"Lindgren , Selma Brynolf , Magda Wilewska-Bien , Karin Andersson, Μετάφραση - Επιμέλεια Βασίλειος - Στέλιος Τσελέντης",9789609732420,DAVINCI WORLDWIDE ΜΟΝΟΠΡΟΣΩΠΗ Ι.Κ.Ε.,2020,2η,True,True,Published,True,
143547956,Διαχείριση έργου,Αρχές και τεχνικές,"Burke Rory (Συγγρ.) - Συρμακέσης Σπύρος, Αχίλλας Χαρίσιος, Σγώρα Αγγελική (Επιμ.)",9789605865214,ΕΚΔΟΣΕΙΣ ΚΡΙΤΙΚΗ ΑΝΩΝΥΜΗ ΕΤΑΙΡΕΙΑ ΕΠΙΣΤΗΜΟΝΙΚΩΝ ΛΟΓΟΤΕΧΝΙΚΩΝ ΚΑΙ ΚΑΛΛΙΤΕΧΝΙΚΩΝ ΕΚΔΟΣΕΩΝ,2025,2η έκδ.,True,True,Published,True,
143550123,Τετράδια Αρχιτεκτονικής Αποκατάστασης 2,,"Κλήμης Ασλανίδης, Νίκος Σκουτέλης, (επιμελητές)",9786185558116,ΕΤΑΙΡΕΙΑ ΑΞΙΟΠΟΙΗΣΗΣ ΚΑΙ ΔΙΑΧΕΙΡΙΣΗΣ ΤΗΣ ΠΕΡΙΟΥΣΙΑΣ ΤΟΥ ΠΟΛΥΤΕΧΝΕΙΟΥ ΚΡΗΤΗΣ,2025,1,True,True,Published,True,
143556547,"Δυναμική των Κατασκευών, 6η Εκδ.",Θεωρία και Εφαρμογές στη Σεισμική Μηχανική,Anil K. Chopra,9789605127695,Χ. ΓΚΙΟΥΡΔΑ & ΣΙΑ ΕΕ,2025,6η Έκδ.,True,True,Published,True,
143557280,ΔΟΜΙΚΑ ΥΛΙΚΑ,,ΑΘΑΝΑΣΙΟΣ ΤΡΙΑΝΤΑΦΥΛΛΟΥ,9786185560485,ΓΚΟΤΣΗΣ ΚΩΝ/ΝΟΣ & ΣΙΑ Ε.Ε.,2025,2,True,True,Published,True,
143567102,Αεροδρόμια-Ελικοδρόμια-Υδατοδρόμια,Καινοτόμες Τεχνολογίες,Πολυζάκης Απόστολος,9786185731052,ΕΚΔΟΣΕΙΣ ΤΣΟΤΡΑΣ ΑΘΑΝΑΣΙΟΣ Ε.Ε.,2023,1,True,True,Published,True,
