Τίτλος,Καθηγητής,Κωδικός μαθήματος,Εξάμηνο,Περίοδος,Από που δίνονται τα βιβλία,Book id,Σειρά επιλογής,Ενεργό
Σχεδιασμός Μεταφορών,ΜΙΚΙΚΗ ΦΩΤΕΙΝΗ,ΣΥΓ008,7,Ximerino,EUDOXUS,15157,0,true
Σχεδιασμός Μεταφορών,ΜΙΚΙΚΗ ΦΩΤΕΙΝΗ,ΣΥΓ008,7,Ximerino,EUDOXUS,15156,1,true
Σχεδιασμός Μεταφορών,ΜΙΚΙΚΗ ΦΩΤΕΙΝΗ,ΣΥΓ008,7,Ximerino,EUDOXUS,59366084,2,true
Οικοδομική ΙΙ,,ΔΟΜ022,7,Ximerino,EUDOXUS,17440,2,true
Οικοδομική ΙΙ,,ΔΟΜ022,7,Ximerino,EUDOXUS,12425,0,true
Οικοδομική ΙΙ,,ΔΟΜ022,7,Ximerino,EUDOXUS,86198313,1,true
"Ευφυείς πόλεις, Υποδομές και Μεταφορές",ΓΑΛΑΝΗΣ ΑΘΑΝΑΣΙΟΣ,ΣΥΓ021,9,Ximerino,EUDOXUS,112696634,1,true
"Ευφυείς πόλεις, Υποδομές και Μεταφορές",ΓΑΛΑΝΗΣ ΑΘΑΝΑΣΙΟΣ,ΣΥΓ021,9,Ximerino,EUDOXUS,9720,0,true
"Αποτύπωση, Αποκατάσταση και Επανάχρηση Κτιρίων",,ΔΟΜ035,9,Ximerino,EUDOXUS,12508,2,true
"Αποτύπωση, Αποκατάσταση και Επανάχρηση Κτιρίων",,ΔΟΜ035,9,Ximerino,EUDOXUS,56,0,true
"Αποτύπωση, Αποκατάσταση και Επανάχρηση Κτιρίων",,ΔΟΜ035,9,Ximerino,EUDOXUS,143550123,1,true
"Ανανεώσιμες πηγές ενέργειας (γεωθερμία, υδροηλεκτρικά έργα)",,ΥΔΡ010,8,Earino,EUDOXUS,122074535,1,true
"Ανανεώσιμες πηγές ενέργειας (γεωθερμία, υδροηλεκτρικά έργα)",,ΥΔΡ010,8,Earino,EUDOXUS,143567132,0,true
Επεξεργασία και Διαχείριση αστικών αποβλήτων,,ΥΔΡ007,7,Ximerino,EUDOXUS,59380527,3,true
Επεξεργασία και Διαχείριση αστικών αποβλήτων,,ΥΔΡ007,7,Ximerino,EUDOXUS,68374097,0,true
Επεξεργασία και Διαχείριση αστικών αποβλήτων,,ΥΔΡ007,7,Ximerino,EUDOXUS,143549998,1,true
Επεξεργασία και Διαχείριση αστικών αποβλήτων,,ΥΔΡ007,7,Ximerino,EUDOXUS,9642,2,true
Ειδικά Θέματα Γεωτεχνικής Μηχανικής,,ΓΕΩ007,7,Ximerino,EUDOXUS,50660011,3,true
Ειδικά Θέματα Γεωτεχνικής Μηχανικής,,ΓΕΩ007,7,Ximerino,EUDOXUS,33153307,1,true
Ειδικά Θέματα Γεωτεχνικής Μηχανικής,,ΓΕΩ007,7,Ximerino,EUDOXUS,122079920,2,true
Ειδικά Θέματα Γεωτεχνικής Μηχανικής,,ΓΕΩ007,7,Ximerino,EUDOXUS,86198385,0,true
"Πολεοδομία, Αστικός χώρος και εφαρμογές νομοθεσίας",ΔΑΝΙΗΛ ΜΑΡΙΑ,ΔΟΜ011,5,Ximerino,EUDOXUS,122092694,5,true
"Πολεοδομία, Αστικός χώρος και εφαρμογές νομοθεσίας",ΔΑΝΙΗΛ ΜΑΡΙΑ,ΔΟΜ011,5,Ximerino,EUDOXUS,133025683,4,true
"Πολεοδομία, Αστικός χώρος και εφαρμογές νομοθεσίας",ΔΑΝΙΗΛ ΜΑΡΙΑ,ΔΟΜ011,5,Ximerino,EUDOXUS,133024617,2,true
"Πολεοδομία, Αστικός χώρος και εφαρμογές νομοθεσίας",ΔΑΝΙΗΛ ΜΑΡΙΑ,ΔΟΜ011,5,Ximerino,EUDOXUS,112693185,3,true
"Πολεοδομία, Αστικός χώρος και εφαρμογές νομοθεσίας",ΔΑΝΙΗΛ ΜΑΡΙΑ,ΔΟΜ011,5,Ximerino,EUDOXUS,102124164,0,true
"Πολεοδομία, Αστικός χώρος και εφαρμογές νομοθεσίας",ΔΑΝΙΗΛ ΜΑΡΙΑ,ΔΟΜ011,5,Ximerino,EUDOXUS,45243,1,true
Γραμμική Άλγεβρα και Αναλυτική Γεωμετρία,ΒΟΖΙΚΗΣ ΧΡΗΣΤΟΣ - ΠΑΠΑΪΩΑΝΝΟΥ ΣΤΑΥΡΟΣ,ΓΕΝ002,1,Ximerino,EUDOXUS,59367707,1,true
Γραμμική Άλγεβρα και Αναλυτική Γεωμετρία,ΒΟΖΙΚΗΣ ΧΡΗΣΤΟΣ - ΠΑΠΑΪΩΑΝΝΟΥ ΣΤΑΥΡΟΣ,ΓΕΝ002,1,Ximerino,EUDOXUS,94689233,0,true
Γραμμική Άλγεβρα και Αναλυτική Γεωμετρία,ΒΟΖΙΚΗΣ ΧΡΗΣΤΟΣ - ΠΑΠΑΪΩΑΝΝΟΥ ΣΤΑΥΡΟΣ,ΓΕΝ002,1,Ximerino,EUDOXUS,122075443,2,true
Προεντεταμένο Σκυρόδεμα - Ειδικές Κατασκευές Σκυροδέματος,ΠΑΝΑΓΟΠΟΥΛΟΣ ΓΕΩΡΓΙΟΣ,ΔΟΜ026,8,Earino,EUDOXUS,50656355,1,true
Προεντεταμένο Σκυρόδεμα - Ειδικές Κατασκευές Σκυροδέματος,ΠΑΝΑΓΟΠΟΥΛΟΣ ΓΕΩΡΓΙΟΣ,ΔΟΜ026,8,Earino,EUDOXUS,984,2,true
Προεντεταμένο Σκυρόδεμα - Ειδικές Κατασκευές Σκυροδέματος,ΠΑΝΑΓΟΠΟΥΛΟΣ ΓΕΩΡΓΙΟΣ,ΔΟΜ026,8,Earino,EUDOXUS,45373,3,true
Προεντεταμένο Σκυρόδεμα - Ειδικές Κατασκευές Σκυροδέματος,ΠΑΝΑΓΟΠΟΥΛΟΣ ΓΕΩΡΓΙΟΣ,ΔΟΜ026,8,Earino,EUDOXUS,112691352,0,true
Μηχανική Παραμορφώσιμου Σώματος,ΔΡΟΣΟΠΟΥΛΟΣ ΓΕΩΡΓΙΟΣ,ΔΟΜ038,3,Ximerino,EUDOXUS,86054774,0,true
Μηχανική Παραμορφώσιμου Σώματος,ΔΡΟΣΟΠΟΥΛΟΣ ΓΕΩΡΓΙΟΣ,ΔΟΜ038,3,Ximerino,EUDOXUS,41955648,1,true
Μηχανική Απαραμόρφωτου Σώματος,ΔΡΟΣΟΠΟΥΛΟΣ ΓΕΩΡΓΙΟΣ,ΔΟΜ037,2,Earino,EUDOXUS,122082925,1,true
Μηχανική Απαραμόρφωτου Σώματος,ΔΡΟΣΟΠΟΥΛΟΣ ΓΕΩΡΓΙΟΣ,ΔΟΜ037,2,Earino,EUDOXUS,45247,0,true
Μηχανική Απαραμόρφωτου Σώματος,ΔΡΟΣΟΠΟΥΛΟΣ ΓΕΩΡΓΙΟΣ,ΔΟΜ037,2,Earino,EUDOXUS,94644084,2,true
Απειροστικός Λογισμός Ι,ΠΑΠΑΪΩΑΝΝΟΥ ΣΤΑΥΡΟΣ,ΓΕΝ001,1,Ximerino,EUDOXUS,77109719,1,true
Απειροστικός Λογισμός Ι,ΠΑΠΑΪΩΑΝΝΟΥ ΣΤΑΥΡΟΣ,ΓΕΝ001,1,Ximerino,EUDOXUS,77107082,0,true
Γεωδαισία Ι,ΓΑΛΑΝΗΣ ΑΘΑΝΑΣΙΟΣ,ΣΥΓ001,1,Ximerino,EUDOXUS,11432,2,true
Γεωδαισία Ι,ΓΑΛΑΝΗΣ ΑΘΑΝΑΣΙΟΣ,ΣΥΓ001,1,Ximerino,EUDOXUS,77112284,1,true
Γεωδαισία Ι,ΓΑΛΑΝΗΣ ΑΘΑΝΑΣΙΟΣ,ΣΥΓ001,1,Ximerino,EUDOXUS,50662652,0,true
Γεωδαισία Ι,ΓΑΛΑΝΗΣ ΑΘΑΝΑΣΙΟΣ,ΣΥΓ001,1,Ximerino,EUDOXUS,86057397,4,true
Γεωδαισία Ι,ΓΑΛΑΝΗΣ ΑΘΑΝΑΣΙΟΣ,ΣΥΓ001,1,Ximerino,EUDOXUS,86054250,3,true
Φυσική για Μηχανικούς,ΒΟΖΙΚΗΣ ΧΡΗΣΤΟΣ,ΓΕΝ003,1,Ximerino,EUDOXUS,11396,1,true
Φυσική για Μηχανικούς,ΒΟΖΙΚΗΣ ΧΡΗΣΤΟΣ,ΓΕΝ003,1,Ximerino,EUDOXUS,112690832,2,true
Φυσική για Μηχανικούς,ΒΟΖΙΚΗΣ ΧΡΗΣΤΟΣ,ΓΕΝ003,1,Ximerino,EUDOXUS,102075353,3,true
Φυσική για Μηχανικούς,ΒΟΖΙΚΗΣ ΧΡΗΣΤΟΣ,ΓΕΝ003,1,Ximerino,EUDOXUS,86054388,0,true
Τεχνικό Σχέδιο,ΒΛΑΧΟΝΑΣΙΟΥ ΕΛΕΝΗ,ΔΟΜ001,1,Ximerino,EUDOXUS,77107426,0,true
Τεχνικό Σχέδιο,ΒΛΑΧΟΝΑΣΙΟΥ ΕΛΕΝΗ,ΔΟΜ001,1,Ximerino,EUDOXUS,68376077,1,true
Τεχνικό Σχέδιο,ΒΛΑΧΟΝΑΣΙΟΥ ΕΛΕΝΗ,ΔΟΜ001,1,Ximerino,EUDOXUS,122092618,2,true
Βασικά εργαλεία πληροφορικής - Συγγραφής επιστημονικών κειμένων,ΒΟΖΙΚΗΣ ΧΡΗΣΤΟΣ,ΓΕΝ009,1,Ximerino,EUDOXUS,11391,0,true
Τεχνική Μηχανική Ι,ΔΡΟΣΟΠΟΥΛΟΣ ΓΕΩΡΓΙΟΣ,ΔΟΜ004,2,Earino,EUDOXUS,94644084,3,true
Τεχνική Μηχανική Ι,ΔΡΟΣΟΠΟΥΛΟΣ ΓΕΩΡΓΙΟΣ,ΔΟΜ004,2,Earino,EUDOXUS,77107480,2,true
Τεχνική Μηχανική Ι,ΔΡΟΣΟΠΟΥΛΟΣ ΓΕΩΡΓΙΟΣ,ΔΟΜ004,2,Earino,EUDOXUS,45304,0,true
Τεχνική Μηχανική Ι,ΔΡΟΣΟΠΟΥΛΟΣ ΓΕΩΡΓΙΟΣ,ΔΟΜ004,2,Earino,EUDOXUS,45247,1,true
Πιθανότητες και Στατιστική,ΠΑΠΑΪΩΑΝΝΟΥ ΣΤΑΥΡΟΣ,ΓΕΝ005,2,Earino,EUDOXUS,94643849,0,true
Πιθανότητες και Στατιστική,ΠΑΠΑΪΩΑΝΝΟΥ ΣΤΑΥΡΟΣ,ΓΕΝ005,2,Earino,EUDOXUS,112691973,1,true
Πιθανότητες και Στατιστική,ΠΑΠΑΪΩΑΝΝΟΥ ΣΤΑΥΡΟΣ,ΓΕΝ005,2,Earino,EUDOXUS,153575848,2,true
Απειροστικός Λογισμός ΙΙ,ΠΑΠΑΪΩΑΝΝΟΥ ΣΤΑΥΡΟΣ,ΓΕΝ004,2,Earino,EUDOXUS,77107082,1,true
Απειροστικός Λογισμός ΙΙ,ΠΑΠΑΪΩΑΝΝΟΥ ΣΤΑΥΡΟΣ,ΓΕΝ004,2,Earino,EUDOXUS,68379699,2,true
Απειροστικός Λογισμός ΙΙ,ΠΑΠΑΪΩΑΝΝΟΥ ΣΤΑΥΡΟΣ,ΓΕΝ004,2,Earino,EUDOXUS,5408,0,true
Γεωδαισία ΙΙ,ΓΑΛΑΝΗΣ ΑΘΑΝΑΣΙΟΣ,ΣΥΓ002,2,Earino,EUDOXUS,77111963,0,true
Γεωδαισία ΙΙ,ΓΑΛΑΝΗΣ ΑΘΑΝΑΣΙΟΣ,ΣΥΓ002,2,Earino,EUDOXUS,11432,2,true
Γεωδαισία ΙΙ,ΓΑΛΑΝΗΣ ΑΘΑΝΑΣΙΟΣ,ΣΥΓ002,2,Earino,EUDOXUS,50662654,1,true
Γεωδαισία ΙΙ,ΓΑΛΑΝΗΣ ΑΘΑΝΑΣΙΟΣ,ΣΥΓ002,2,Earino,EUDOXUS,86054250,3,true
Οικοδομικό Σχέδιο με Η/Υ,ΒΛΑΧΟΝΑΣΙΟΥ ΕΛΕΝΗ,ΔΟΜ003,2,Earino,EUDOXUS,102070459,1,true
Οικοδομικό Σχέδιο με Η/Υ,ΒΛΑΧΟΝΑΣΙΟΥ ΕΛΕΝΗ,ΔΟΜ003,2,Earino,EUDOXUS,68372433,0,true
Προγραμματισμός Η/Υ,ΒΟΖΙΚΗΣ ΧΡΗΣΤΟΣ - ΠΑΠΑΪΩΑΝΝΟΥ ΣΤΑΥΡΟΣ,ΓΕΝ006,2,Earino,EUDOXUS,122075007,2,true
Προγραμματισμός Η/Υ,ΒΟΖΙΚΗΣ ΧΡΗΣΤΟΣ - ΠΑΠΑΪΩΑΝΝΟΥ ΣΤΑΥΡΟΣ,ΓΕΝ006,2,Earino,EUDOXUS,22685331,1,true
Προγραμματισμός Η/Υ,ΒΟΖΙΚΗΣ ΧΡΗΣΤΟΣ - ΠΑΠΑΪΩΑΝΝΟΥ ΣΤΑΥΡΟΣ,ΓΕΝ006,2,Earino,EUDOXUS,50655954,0,true
Θεωρία Ελαστικότητας,ΔΡΟΣΟΠΟΥΛΟΣ ΓΕΩΡΓΙΟΣ,ΔΟΜ006,3,Ximerino,EUDOXUS,86054774,2,true
Θεωρία Ελαστικότητας,ΔΡΟΣΟΠΟΥΛΟΣ ΓΕΩΡΓΙΟΣ,ΔΟΜ006,3,Ximerino,EUDOXUS,45256,1,true
Θεωρία Ελαστικότητας,ΔΡΟΣΟΠΟΥΛΟΣ ΓΕΩΡΓΙΟΣ,ΔΟΜ006,3,Ximerino,EUDOXUS,45259,0,true
Διαφορικές Εξισώσεις,ΠΑΠΑΪΩΑΝΝΟΥ ΣΤΑΥΡΟΣ,ΓΕΝ007,3,Ximerino,EUDOXUS,5408,0,true
Διαφορικές Εξισώσεις,ΠΑΠΑΪΩΑΝΝΟΥ ΣΤΑΥΡΟΣ,ΓΕΝ007,3,Ximerino,EUDOXUS,77107082,1,true
Διαφορικές Εξισώσεις,ΠΑΠΑΪΩΑΝΝΟΥ ΣΤΑΥΡΟΣ,ΓΕΝ007,3,Ximerino,EUDOXUS,153577660,2,true
Κυκλοφοριακή Τεχνική,ΜΙΚΙΚΗ ΦΩΤΕΙΝΗ,ΣΥΓ003,3,Ximerino,EUDOXUS,9699,0,true
Κυκλοφοριακή Τεχνική,ΜΙΚΙΚΗ ΦΩΤΕΙΝΗ,ΣΥΓ003,3,Ximerino,EUDOXUS,133024718,1,true
Αντοχή Υλικών,ΔΡΟΣΟΠΟΥΛΟΣ ΓΕΩΡΓΙΟΣ,ΔΟΜ009,4,Earino,EUDOXUS,122079692,1,true
Αντοχή Υλικών,ΔΡΟΣΟΠΟΥΛΟΣ ΓΕΩΡΓΙΟΣ,ΔΟΜ009,4,Earino,EUDOXUS,86054774,0,true
Μηχανική των Ρευστών,ΜΙΧΑΗΛΙΔΗΣ ΚΩΝΣΤΑΝΤΙΝΟΣ,ΥΔΡ002,4,Earino,EUDOXUS,15023,2,true
Μηχανική των Ρευστών,ΜΙΧΑΗΛΙΔΗΣ ΚΩΝΣΤΑΝΤΙΝΟΣ,ΥΔΡ002,4,Earino,EUDOXUS,153584134,0,true
Μηχανική των Ρευστών,ΜΙΧΑΗΛΙΔΗΣ ΚΩΝΣΤΑΝΤΙΝΟΣ,ΥΔΡ002,4,Earino,EUDOXUS,77107657,1,true
Μηχανική των Ρευστών,ΜΙΧΑΗΛΙΔΗΣ ΚΩΝΣΤΑΝΤΙΝΟΣ,ΥΔΡ002,4,Earino,EUDOXUS,86055189,3,true
Στατική Ι – Ισοστατικοί φορείς,ΚΟΛΙΟΠΟΥΛΟΣ ΠΑΝΑΓΙΩΤΗΣ,ΔΟΜ012,4,Earino,EUDOXUS,22769200,1,true
Στατική Ι – Ισοστατικοί φορείς,ΚΟΛΙΟΠΟΥΛΟΣ ΠΑΝΑΓΙΩΤΗΣ,ΔΟΜ012,4,Earino,EUDOXUS,86193757,0,true
Στατική Ι – Ισοστατικοί φορείς,ΚΟΛΙΟΠΟΥΛΟΣ ΠΑΝΑΓΙΩΤΗΣ,ΔΟΜ012,4,Earino,EUDOXUS,68388013,2,true
Εδαφομηχανική Ι,ΦΩΤΟΠΟΥΛΟΥ ΣΤΑΥΡΟΥΛΑ – ΚΙΡΤΑΣ ΕΜΜΑΝΟΥΗΛ,ΓΕΩ002,4,Earino,EUDOXUS,17179,0,true
Εδαφομηχανική Ι,ΦΩΤΟΠΟΥΛΟΥ ΣΤΑΥΡΟΥΛΑ – ΚΙΡΤΑΣ ΕΜΜΑΝΟΥΗΛ,ΓΕΩ002,4,Earino,EUDOXUS,133031128,3,true
Εδαφομηχανική Ι,ΦΩΤΟΠΟΥΛΟΥ ΣΤΑΥΡΟΥΛΑ – ΚΙΡΤΑΣ ΕΜΜΑΝΟΥΗΛ,ΓΕΩ002,4,Earino,EUDOXUS,33153307,1,true
Εδαφομηχανική Ι,ΦΩΤΟΠΟΥΛΟΥ ΣΤΑΥΡΟΥΛΑ – ΚΙΡΤΑΣ ΕΜΜΑΝΟΥΗΛ,ΓΕΩ002,4,Earino,EUDOXUS,59362766,2,true
Αριθμητική Ανάλυση,ΒΟΖΙΚΗΣ ΧΡΗΣΤΟΣ - ΠΑΠΑΪΩΑΝΝΟΥ ΣΤΑΥΡΟΣ,ΓΕΝ008,4,Earino,EUDOXUS,77106818,0,true
Αριθμητική Ανάλυση,ΒΟΖΙΚΗΣ ΧΡΗΣΤΟΣ - ΠΑΠΑΪΩΑΝΝΟΥ ΣΤΑΥΡΟΣ,ΓΕΝ008,4,Earino,EUDOXUS,133034298,1,true
Οπλισμένο Σκυρόδεμα Ι,ΠΑΝΑΓΟΠΟΥΛΟΣ ΓΕΩΡΓΙΟΣ,ΔΟΜ010,4,Earino,EUDOXUS,68403376,2,true
Οπλισμένο Σκυρόδεμα Ι,ΠΑΝΑΓΟΠΟΥΛΟΣ ΓΕΩΡΓΙΟΣ,ΔΟΜ010,4,Earino,EUDOXUS,102123614,0,true
Οπλισμένο Σκυρόδεμα Ι,ΠΑΝΑΓΟΠΟΥΛΟΣ ΓΕΩΡΓΙΟΣ,ΔΟΜ010,4,Earino,EUDOXUS,50655984,1,true
Υδραυλική,ΜΙΧΑΗΛΙΔΗΣ ΚΩΝΣΤΑΝΤΙΝΟΣ,ΥΔΡ003,5,Ximerino,EUDOXUS,77107649,0,true
Υδραυλική,ΜΙΧΑΗΛΙΔΗΣ ΚΩΝΣΤΑΝΤΙΝΟΣ,ΥΔΡ003,5,Ximerino,EUDOXUS,133031346,3,true
Υδραυλική,ΜΙΧΑΗΛΙΔΗΣ ΚΩΝΣΤΑΝΤΙΝΟΣ,ΥΔΡ003,5,Ximerino,EUDOXUS,77119353,2,true
Υδραυλική,ΜΙΧΑΗΛΙΔΗΣ ΚΩΝΣΤΑΝΤΙΝΟΣ,ΥΔΡ003,5,Ximerino,EUDOXUS,22714197,1,true
Οδοποιία Ι,ΓΑΛΑΝΗΣ ΑΘΑΝΑΣΙΟΣ,ΣΥΓ004,5,Ximerino,EUDOXUS,133033882,0,true
Οδοποιία Ι,ΓΑΛΑΝΗΣ ΑΘΑΝΑΣΙΟΣ,ΣΥΓ004,5,Ximerino,EUDOXUS,122082148,1,true
Οδοποιία Ι,ΓΑΛΑΝΗΣ ΑΘΑΝΑΣΙΟΣ,ΣΥΓ004,5,Ximerino,EUDOXUS,33154221,2,true
Στατική ΙΙ – Υπερστατικοί φορείς,ΚΟΛΙΟΠΟΥΛΟΣ ΠΑΝΑΓΙΩΤΗΣ,ΔΟΜ014,5,Ximerino,EUDOXUS,4305,3,true
Στατική ΙΙ – Υπερστατικοί φορείς,ΚΟΛΙΟΠΟΥΛΟΣ ΠΑΝΑΓΙΩΤΗΣ,ΔΟΜ014,5,Ximerino,EUDOXUS,41958890,1,true
Στατική ΙΙ – Υπερστατικοί φορείς,ΚΟΛΙΟΠΟΥΛΟΣ ΠΑΝΑΓΙΩΤΗΣ,ΔΟΜ014,5,Ximerino,EUDOXUS,68395205,0,true
Στατική ΙΙ – Υπερστατικοί φορείς,ΚΟΛΙΟΠΟΥΛΟΣ ΠΑΝΑΓΙΩΤΗΣ,ΔΟΜ014,5,Ximerino,EUDOXUS,1073,2,true
Οπλισμένο Σκυρόδεμα ΙΙ,ΠΑΝΑΓΟΠΟΥΛΟΣ ΓΕΩΡΓΙΟΣ,ΔΟΜ013,5,Ximerino,EUDOXUS,102123614,0,true
Οπλισμένο Σκυρόδεμα ΙΙ,ΠΑΝΑΓΟΠΟΥΛΟΣ ΓΕΩΡΓΙΟΣ,ΔΟΜ013,5,Ximerino,EUDOXUS,86193772,1,true
Οπλισμένο Σκυρόδεμα ΙΙ,ΠΑΝΑΓΟΠΟΥΛΟΣ ΓΕΩΡΓΙΟΣ,ΔΟΜ013,5,Ximerino,EUDOXUS,1232,2,true
Οπλισμένο Σκυρόδεμα ΙΙ,ΠΑΝΑΓΟΠΟΥΛΟΣ ΓΕΩΡΓΙΟΣ,ΔΟΜ013,5,Ximerino,EUDOXUS,68403376,3,true
Εδαφομηχανική ΙΙ,ΚΙΡΤΑΣ ΕΜΜΑΝΟΥΗΛ,ΓΕΩ003,5,Ximerino,EUDOXUS,33153307,0,true
Εδαφομηχανική ΙΙ,ΚΙΡΤΑΣ ΕΜΜΑΝΟΥΗΛ,ΓΕΩ003,5,Ximerino,EUDOXUS,59362766,1,true
Εδαφομηχανική ΙΙ,ΚΙΡΤΑΣ ΕΜΜΑΝΟΥΗΛ,ΓΕΩ003,5,Ximerino,EUDOXUS,11373,2,true
Μεταλλικές Κατασκευές Ι,ΚΑΖΑΝΤΖΗ ΑΘΑΝΑΣΙΑ,ΔΟΜ016,6,Earino,EUDOXUS,143559238,0,true
Μεταλλικές Κατασκευές Ι,ΚΑΖΑΝΤΖΗ ΑΘΑΝΑΣΙΑ,ΔΟΜ016,6,Earino,EUDOXUS,22698081,2,true
Μεταλλικές Κατασκευές Ι,ΚΑΖΑΝΤΖΗ ΑΘΑΝΑΣΙΑ,ΔΟΜ016,6,Earino,EUDOXUS,11063,1,true
Θεμελιώσεις και Αντιστηρίξεις,ΚΙΡΤΑΣ ΕΜΜΑΝΟΥΗΛ - ΦΩΤΟΠΟΥΛΟΥ ΣΤΑΥΡΟΥΛΑ,ΓΕΩ004,6,Earino,EUDOXUS,11373,1,true
Θεμελιώσεις και Αντιστηρίξεις,ΚΙΡΤΑΣ ΕΜΜΑΝΟΥΗΛ - ΦΩΤΟΠΟΥΛΟΥ ΣΤΑΥΡΟΥΛΑ,ΓΕΩ004,6,Earino,EUDOXUS,12978923,0,true
Θεμελιώσεις και Αντιστηρίξεις,ΚΙΡΤΑΣ ΕΜΜΑΝΟΥΗΛ - ΦΩΤΟΠΟΥΛΟΥ ΣΤΑΥΡΟΥΛΑ,ΓΕΩ004,6,Earino,EUDOXUS,50659228,2,true
Οδοποιία ΙΙ,ΓΑΛΑΝΗΣ ΑΘΑΝΑΣΙΟΣ,ΣΥΓ005,6,Earino,EUDOXUS,17434,0,true
Οδοποιία ΙΙ,ΓΑΛΑΝΗΣ ΑΘΑΝΑΣΙΟΣ,ΣΥΓ005,6,Earino,EUDOXUS,86055568,1,true
Οδοποιία ΙΙ,ΓΑΛΑΝΗΣ ΑΘΑΝΑΣΙΟΣ,ΣΥΓ005,6,Earino,EUDOXUS,133033882,2,true
Δυναμική των Κατασκευών Ι,ΚΟΛΙΟΠΟΥΛΟΣ ΠΑΝΑΓΙΩΤΗΣ,ΔΟΜ015,6,Earino,EUDOXUS,143556547,1,true
Δυναμική των Κατασκευών Ι,ΚΟΛΙΟΠΟΥΛΟΣ ΠΑΝΑΓΙΩΤΗΣ,ΔΟΜ015,6,Earino,EUDOXUS,94646123,0,true
Προγραμματισμός & Διαχείριση Τεχνικών Έργων,ΓΑΛΑΝΗΣ ΑΘΑΝΑΣΙΟΣ,ΣΥΓ006,6,Earino,EUDOXUS,1819,3,true
Προγραμματισμός & Διαχείριση Τεχνικών Έργων,ΓΑΛΑΝΗΣ ΑΘΑΝΑΣΙΟΣ,ΣΥΓ006,6,Earino,EUDOXUS,77109652,0,true
Προγραμματισμός & Διαχείριση Τεχνικών Έργων,ΓΑΛΑΝΗΣ ΑΘΑΝΑΣΙΟΣ,ΣΥΓ006,6,Earino,EUDOXUS,143547956,2,true
Προγραμματισμός & Διαχείριση Τεχνικών Έργων,ΓΑΛΑΝΗΣ ΑΘΑΝΑΣΙΟΣ,ΣΥΓ006,6,Earino,EUDOXUS,86199419,1,true
Υπόγεια Υδραυλική και Τεχνική Υδρολογία,ΜΙΧΑΗΛΙΔΗΣ ΚΩΝΣΤΑΝΤΙΝΟΣ,ΥΔΡ005,6,Earino,EUDOXUS,15196,0,true
Υπόγεια Υδραυλική και Τεχνική Υδρολογία,ΜΙΧΑΗΛΙΔΗΣ ΚΩΝΣΤΑΝΤΙΝΟΣ,ΥΔΡ005,6,Earino,EUDOXUS,94688988,4,true
Υπόγεια Υδραυλική και Τεχνική Υδρολογία,ΜΙΧΑΗΛΙΔΗΣ ΚΩΝΣΤΑΝΤΙΝΟΣ,ΥΔΡ005,6,Earino,EUDOXUS,77117411,3,true
Υπόγεια Υδραυλική και Τεχνική Υδρολογία,ΜΙΧΑΗΛΙΔΗΣ ΚΩΝΣΤΑΝΤΙΝΟΣ,ΥΔΡ005,6,Earino,EUDOXUS,6861,2,true
Υδρεύσεις - Αποχετεύσεις,ΜΙΧΑΗΛΙΔΗΣ ΚΩΝΣΤΑΝΤΙΝΟΣ,ΥΔΡ004,6,Earino,EUDOXUS,102124090,0,true
Υδρεύσεις - Αποχετεύσεις,ΜΙΧΑΗΛΙΔΗΣ ΚΩΝΣΤΑΝΤΙΝΟΣ,ΥΔΡ004,6,Earino,EUDOXUS,133031346,2,true
Μεταλλικές Κατασκευές ΙΙ,ΚΑΖΑΝΤΖΗ ΑΘΑΝΑΣΙΑ,ΔΟΜ017,7,Ximerino,EUDOXUS,11063,1,true
Μεταλλικές Κατασκευές ΙΙ,ΚΑΖΑΝΤΖΗ ΑΘΑΝΑΣΙΑ,ΔΟΜ017,7,Ximerino,EUDOXUS,143559238,0,true
Μεταλλικές Κατασκευές ΙΙ,ΚΑΖΑΝΤΖΗ ΑΘΑΝΑΣΙΑ,ΔΟΜ017,7,Ximerino,EUDOXUS,33153304,2,true
Στατική με Μητρώα,ΠΑΝΑΓΟΠΟΥΛΟΣ ΓΕΩΡΓΙΟΣ - ΚΟΛΙΟΠΟΥΛΟΣ ΠΑΝΑΓΙΩΤΗΣ,ΔΟΜ018,7,Ximerino,EUDOXUS,50658954,0,true
Στατική με Μητρώα,ΠΑΝΑΓΟΠΟΥΛΟΣ ΓΕΩΡΓΙΟΣ - ΚΟΛΙΟΠΟΥΛΟΣ ΠΑΝΑΓΙΩΤΗΣ,ΔΟΜ018,7,Ximerino,EUDOXUS,59369378,1,true
Τεχνική Σεισμολογία και Σεισμική Μηχανική,ΚΙΡΤΑΣ ΕΜΜΑΝΟΥΗΛ - ΦΩΤΟΠΟΥΛΟΥ ΣΤΑΥΡΟΥΛΑ,ΓΕΩ005,7,Ximerino,EUDOXUS,11254,1,true
Τεχνική Σεισμολογία και Σεισμική Μηχανική,ΚΙΡΤΑΣ ΕΜΜΑΝΟΥΗΛ - ΦΩΤΟΠΟΥΛΟΥ ΣΤΑΥΡΟΥΛΑ,ΓΕΩ005,7,Ximerino,EUDOXUS,11425,0,true
Βραχομηχανική και Σήραγγες,ΦΩΤΟΠΟΥΛΟΥ ΣΤΑΥΡΟΥΛΑ,ΓΕΩ006,7,Ximerino,EUDOXUS,68380141,0,true
Βραχομηχανική και Σήραγγες,ΦΩΤΟΠΟΥΛΟΥ ΣΤΑΥΡΟΥΛΑ,ΓΕΩ006,7,Ximerino,EUDOXUS,153587520,1,true
Βραχομηχανική και Σήραγγες,ΦΩΤΟΠΟΥΛΟΥ ΣΤΑΥΡΟΥΛΑ,ΓΕΩ006,7,Ximerino,EUDOXUS,86199438,2,true
Γεωπεριβαλλοντική Μηχανική,ΚΙΡΤΑΣ ΕΜΜΑΝΟΥΗΛ - ΦΩΤΟΠΟΥΛΟΥ ΣΤΑΥΡΟΥΛΑ,ΓΕΩ008,7,Ximerino,EUDOXUS,133033478,1,true
Γεωπεριβαλλοντική Μηχανική,ΚΙΡΤΑΣ ΕΜΜΑΝΟΥΗΛ - ΦΩΤΟΠΟΥΛΟΥ ΣΤΑΥΡΟΥΛΑ,ΓΕΩ008,7,Ximerino,EUDOXUS,33094810,0,true
Σχεδιασμός & Επισκευές Κατασκευών από Φέρουσα Τοιχοποιία,ΠΑΝΑΓΟΠΟΥΛΟΣ ΓΕΩΡΓΙΟΣ,ΔΟΜ019,7,Ximerino,EUDOXUS,13601,3,true
Σχεδιασμός & Επισκευές Κατασκευών από Φέρουσα Τοιχοποιία,ΠΑΝΑΓΟΠΟΥΛΟΣ ΓΕΩΡΓΙΟΣ,ΔΟΜ019,7,Ximerino,EUDOXUS,86201084,1,true
Σχεδιασμός & Επισκευές Κατασκευών από Φέρουσα Τοιχοποιία,ΠΑΝΑΓΟΠΟΥΛΟΣ ΓΕΩΡΓΙΟΣ,ΔΟΜ019,7,Ximerino,EUDOXUS,12734771,2,true
Σχεδιασμός & Επισκευές Κατασκευών από Φέρουσα Τοιχοποιία,ΠΑΝΑΓΟΠΟΥΛΟΣ ΓΕΩΡΓΙΟΣ,ΔΟΜ019,7,Ximerino,EUDOXUS,12866352,0,true
Επιφανειακοί φορείς – Ειδικά θέματα πεπερασμένων στοιχείων,ΚΟΛΙΟΠΟΥΛΟΣ ΠΑΝΑΓΙΩΤΗΣ,ΔΟΜ020,7,Ximerino,EUDOXUS,77106802,1,true
Επιφανειακοί φορείς – Ειδικά θέματα πεπερασμένων στοιχείων,ΚΟΛΙΟΠΟΥΛΟΣ ΠΑΝΑΓΙΩΤΗΣ,ΔΟΜ020,7,Ximerino,EUDOXUS,11001,0,true
Επιφανειακοί φορείς – Ειδικά θέματα πεπερασμένων στοιχείων,ΚΟΛΙΟΠΟΥΛΟΣ ΠΑΝΑΓΙΩΤΗΣ,ΔΟΜ020,7,Ximerino,EUDOXUS,45386,3,true
Επιφανειακοί φορείς – Ειδικά θέματα πεπερασμένων στοιχείων,ΚΟΛΙΟΠΟΥΛΟΣ ΠΑΝΑΓΙΩΤΗΣ,ΔΟΜ020,7,Ximerino,EUDOXUS,45496,2,true
Δυναμική των Κατασκευών ΙΙ,ΚΟΛΙΟΠΟΥΛΟΣ ΠΑΝΑΓΙΩΤΗΣ,ΔΟΜ021,7,Ximerino,EUDOXUS,94646123,0,true
Δυναμική των Κατασκευών ΙΙ,ΚΟΛΙΟΠΟΥΛΟΣ ΠΑΝΑΓΙΩΤΗΣ,ΔΟΜ021,7,Ximerino,EUDOXUS,143556547,1,true
Γεωγραφικά συστήματα πληροφοριών,ΓΑΛΑΝΗΣ ΑΘΑΝΑΣΙΟΣ,ΣΥΓ007,7,Ximerino,EUDOXUS,77111885,0,true
Γεωγραφικά συστήματα πληροφοριών,ΓΑΛΑΝΗΣ ΑΘΑΝΑΣΙΟΣ,ΣΥΓ007,7,Ximerino,EUDOXUS,12565288,1,true
Γεωγραφικά συστήματα πληροφοριών,ΓΑΛΑΝΗΣ ΑΘΑΝΑΣΙΟΣ,ΣΥΓ007,7,Ximerino,EUDOXUS,86192352,2,true
Σχεδιασμός Μεταφορών,ΜΙΚΙΚΗ ΦΩΤΕΙΝΗ,ΣΥΓ008,8,Ximerino,EUDOXUS,15157,2,true
Σχεδιασμός Μεταφορών,ΜΙΚΙΚΗ ΦΩΤΕΙΝΗ,ΣΥΓ008,8,Ximerino,EUDOXUS,15156,0,true
Σχεδιασμός Μεταφορών,ΜΙΚΙΚΗ ΦΩΤΕΙΝΗ,ΣΥΓ008,8,Ximerino,EUDOXUS,59366084,1,true
Συστήματα Αστικών Μεταφορών,ΜΙΚΙΚΗ ΦΩΤΕΙΝΗ,ΣΥΓ009,7,Ximerino,EUDOXUS,45443,0,true
Συστήματα Αστικών Μεταφορών,ΜΙΚΙΚΗ ΦΩΤΕΙΝΗ,ΣΥΓ009,7,Ximerino,EUDOXUS,133044998,2,true
Συστήματα Αστικών Μεταφορών,ΜΙΚΙΚΗ ΦΩΤΕΙΝΗ,ΣΥΓ009,7,Ximerino,EUDOXUS,14922,1,true
Οικονομία Μεταφορών,ΓΑΛΑΝΗΣ ΑΘΑΝΑΣΙΟΣ,ΣΥΓ010,7,Ximerino,EUDOXUS,22943,1,true
Οικονομία Μεταφορών,ΓΑΛΑΝΗΣ ΑΘΑΝΑΣΙΟΣ,ΣΥΓ010,7,Ximerino,EUDOXUS,77119166,2,true
Οικονομία Μεταφορών,ΓΑΛΑΝΗΣ ΑΘΑΝΑΣΙΟΣ,ΣΥΓ010,7,Ximerino,EUDOXUS,143564178,0,true
Βιώσιμη Αστική Κινητικότητα,ΓΑΛΑΝΗΣ ΑΘΑΝΑΣΙΟΣ,ΣΥΓ011,7,Ximerino,EUDOXUS,33154038,0,true
Βιώσιμη Αστική Κινητικότητα,ΓΑΛΑΝΗΣ ΑΘΑΝΑΣΙΟΣ,ΣΥΓ011,7,Ximerino,EUDOXUS,86197319,1,true
Υδραυλική των ανοιχτών αγωγών και ποταμών,,ΥΔΡ006,7,Ximerino,EUDOXUS,77107649,2,true
Υδραυλική των ανοιχτών αγωγών και ποταμών,,ΥΔΡ006,7,Ximerino,EUDOXUS,995,1,true
Υδραυλική των ανοιχτών αγωγών και ποταμών,,ΥΔΡ006,7,Ximerino,EUDOXUS,68372423,0,true
Υπολογιστική Ρευστομηχανική,ΜΙΧΑΗΛΙΔΗΣ ΚΩΝΣΤΑΝΤΙΝΟΣ,ΥΔΡ008,7,Ximerino,EUDOXUS,59374709,2,true
Υπολογιστική Ρευστομηχανική,ΜΙΧΑΗΛΙΔΗΣ ΚΩΝΣΤΑΝΤΙΝΟΣ,ΥΔΡ008,7,Ximerino,EUDOXUS,133024765,0,true
Υπολογιστική Ρευστομηχανική,ΜΙΧΑΗΛΙΔΗΣ ΚΩΝΣΤΑΝΤΙΝΟΣ,ΥΔΡ008,7,Ximerino,EUDOXUS,59397206,1,true
Οπλισμένο Σκυρόδεμα ΙΙΙ,ΠΑΝΑΓΟΠΟΥΛΟΣ ΓΕΩΡΓΙΟΣ,ΔΟΜ024,8,Earino,EUDOXUS,102073543,0,true
Οπλισμένο Σκυρόδεμα ΙΙΙ,ΠΑΝΑΓΟΠΟΥΛΟΣ ΓΕΩΡΓΙΟΣ,ΔΟΜ024,8,Earino,EUDOXUS,10973,2,true
Οπλισμένο Σκυρόδεμα ΙΙΙ,ΠΑΝΑΓΟΠΟΥΛΟΣ ΓΕΩΡΓΙΟΣ,ΔΟΜ024,8,Earino,EUDOXUS,86193772,1,true
Οπλισμένο Σκυρόδεμα ΙΙΙ,ΠΑΝΑΓΟΠΟΥΛΟΣ ΓΕΩΡΓΙΟΣ,ΔΟΜ024,8,Earino,EUDOXUS,112694732,3,true
Αγγλικά-Τεχνική ορολογία,,ΓΕΝ010,8,Earino,EUDOXUS,77112857,0,true
Βαθιές θεμελιώσεις,ΚΙΡΤΑΣ ΕΜΜΑΝΟΥΗΛ - ΦΩΤΟΠΟΥΛΟΥ ΣΤΑΥΡΟΥΛΑ,ΓΕΩ009,8,Earino,EUDOXUS,33153307,3,true
Βαθιές θεμελιώσεις,ΚΙΡΤΑΣ ΕΜΜΑΝΟΥΗΛ - ΦΩΤΟΠΟΥΛΟΥ ΣΤΑΥΡΟΥΛΑ,ΓΕΩ009,8,Earino,EUDOXUS,50659236,0,true
Βαθιές θεμελιώσεις,ΚΙΡΤΑΣ ΕΜΜΑΝΟΥΗΛ - ΦΩΤΟΠΟΥΛΟΥ ΣΤΑΥΡΟΥΛΑ,ΓΕΩ009,8,Earino,EUDOXUS,102070523,1,true
Βαθιές θεμελιώσεις,ΚΙΡΤΑΣ ΕΜΜΑΝΟΥΗΛ - ΦΩΤΟΠΟΥΛΟΥ ΣΤΑΥΡΟΥΛΑ,ΓΕΩ009,8,Earino,EUDOXUS,11373,2,true
Βαθιές θεμελιώσεις,ΚΙΡΤΑΣ ΕΜΜΑΝΟΥΗΛ - ΦΩΤΟΠΟΥΛΟΥ ΣΤΑΥΡΟΥΛΑ,ΓΕΩ009,8,Earino,EUDOXUS,143551399,5,true
Βαθιές θεμελιώσεις,ΚΙΡΤΑΣ ΕΜΜΑΝΟΥΗΛ - ΦΩΤΟΠΟΥΛΟΥ ΣΤΑΥΡΟΥΛΑ,ΓΕΩ009,8,Earino,EUDOXUS,122079916,4,true
Εκσκαφές και Αντιστηρίξεις,ΚΙΡΤΑΣ ΕΜΜΑΝΟΥΗΛ - ΦΩΤΟΠΟΥΛΟΥ ΣΤΑΥΡΟΥΛΑ,ΓΕΩ010,8,Earino,EUDOXUS,68380141,5,true
Εκσκαφές και Αντιστηρίξεις,ΚΙΡΤΑΣ ΕΜΜΑΝΟΥΗΛ - ΦΩΤΟΠΟΥΛΟΥ ΣΤΑΥΡΟΥΛΑ,ΓΕΩ010,8,Earino,EUDOXUS,11373,2,true
Εκσκαφές και Αντιστηρίξεις,ΚΙΡΤΑΣ ΕΜΜΑΝΟΥΗΛ - ΦΩΤΟΠΟΥΛΟΥ ΣΤΑΥΡΟΥΛΑ,ΓΕΩ010,8,Earino,EUDOXUS,143551399,0,true
Εκσκαφές και Αντιστηρίξεις,ΚΙΡΤΑΣ ΕΜΜΑΝΟΥΗΛ - ΦΩΤΟΠΟΥΛΟΥ ΣΤΑΥΡΟΥΛΑ,ΓΕΩ010,8,Earino,EUDOXUS,122079920,4,true
Εκσκαφές και Αντιστηρίξεις,ΚΙΡΤΑΣ ΕΜΜΑΝΟΥΗΛ - ΦΩΤΟΠΟΥΛΟΥ ΣΤΑΥΡΟΥΛΑ,ΓΕΩ010,8,Earino,EUDOXUS,12978923,1,true
Εκσκαφές και Αντιστηρίξεις,ΚΙΡΤΑΣ ΕΜΜΑΝΟΥΗΛ - ΦΩΤΟΠΟΥΛΟΥ ΣΤΑΥΡΟΥΛΑ,ΓΕΩ010,8,Earino,EUDOXUS,122079916,3,true
Εδαφοδυναμική,ΦΩΤΟΠΟΥΛΟΥ ΣΤΑΥΡΟΥΛΑ,ΓΕΩ011,8,Earino,EUDOXUS,11425,0,true
Εδαφοδυναμική,ΦΩΤΟΠΟΥΛΟΥ ΣΤΑΥΡΟΥΛΑ,ΓΕΩ011,8,Earino,EUDOXUS,50659248,1,true
Εργαστηριακές και Επιτόπου Δοκιμές Εδαφομηχανικής,ΚΙΡΤΑΣ ΕΜΜΑΝΟΥΗΛ - ΦΩΤΟΠΟΥΛΟΥ ΣΤΑΥΡΟΥΛΑ,ΓΕΩ012,8,Earino,EUDOXUS,50662643,1,true
Εργαστηριακές και Επιτόπου Δοκιμές Εδαφομηχανικής,ΚΙΡΤΑΣ ΕΜΜΑΝΟΥΗΛ - ΦΩΤΟΠΟΥΛΟΥ ΣΤΑΥΡΟΥΛΑ,ΓΕΩ012,8,Earino,EUDOXUS,50659226,3,true
Εργαστηριακές και Επιτόπου Δοκιμές Εδαφομηχανικής,ΚΙΡΤΑΣ ΕΜΜΑΝΟΥΗΛ - ΦΩΤΟΠΟΥΛΟΥ ΣΤΑΥΡΟΥΛΑ,ΓΕΩ012,8,Earino,EUDOXUS,102070523,0,true
Εργαστηριακές και Επιτόπου Δοκιμές Εδαφομηχανικής,ΚΙΡΤΑΣ ΕΜΜΑΝΟΥΗΛ - ΦΩΤΟΠΟΥΛΟΥ ΣΤΑΥΡΟΥΛΑ,ΓΕΩ012,8,Earino,EUDOXUS,122081533,2,true
Προσομοίωση και Ανάλυση Κατασκευών,ΚΙΡΤΑΣ ΕΜΜΑΝΟΥΗΛ,ΔΟΜ025,8,Earino,EUDOXUS,68395522,0,true
Προσομοίωση και Ανάλυση Κατασκευών,ΚΙΡΤΑΣ ΕΜΜΑΝΟΥΗΛ,ΔΟΜ025,8,Earino,EUDOXUS,77108689,2,true
Προσομοίωση και Ανάλυση Κατασκευών,ΚΙΡΤΑΣ ΕΜΜΑΝΟΥΗΛ,ΔΟΜ025,8,Earino,EUDOXUS,59369378,1,true
Αρχιτεκτονικός Σχεδιασμός,ΔΑΝΙΗΛ ΜΑΡΙΑ,ΔΟΜ027,8,Earino,EUDOXUS,122092020,0,true
Αρχιτεκτονικός Σχεδιασμός,ΔΑΝΙΗΛ ΜΑΡΙΑ,ΔΟΜ027,8,Earino,EUDOXUS,59358514,2,true
Αρχιτεκτονικός Σχεδιασμός,ΔΑΝΙΗΛ ΜΑΡΙΑ,ΔΟΜ027,8,Earino,EUDOXUS,122074113,1,true
Ελαστική Ευστάθεια,,ΔΟΜ028,8,Earino,EUDOXUS,50659263,0,true
Ψηφιακά  Συστήματα Σχεδιασμού,ΒΛΑΧΟΝΑΣΙΟΥ ΕΛΕΝΗ,ΔΟΜ029,8,Earino,EUDOXUS,77107672,1,true
Ψηφιακά  Συστήματα Σχεδιασμού,ΒΛΑΧΟΝΑΣΙΟΥ ΕΛΕΝΗ,ΔΟΜ029,8,Earino,EUDOXUS,12777813,0,true
Ψηφιακά  Συστήματα Σχεδιασμού,ΒΛΑΧΟΝΑΣΙΟΥ ΕΛΕΝΗ,ΔΟΜ029,8,Earino,EUDOXUS,122089032,3,true
Ψηφιακά  Συστήματα Σχεδιασμού,ΒΛΑΧΟΝΑΣΙΟΥ ΕΛΕΝΗ,ΔΟΜ029,8,Earino,EUDOXUS,77110959,2,true
Ειδικά Θέματα Μεταλλικών Κατασκευών,ΚΙΡΤΑΣ ΕΜΜΑΝΟΥΗΛ,ΔΟΜ030,8,Earino,EUDOXUS,13874,1,true
Ειδικά Θέματα Μεταλλικών Κατασκευών,ΚΙΡΤΑΣ ΕΜΜΑΝΟΥΗΛ,ΔΟΜ030,8,Earino,EUDOXUS,33153304,0,true
Ειδικά Θέματα Οδοποιίας,ΓΑΛΑΝΗΣ ΑΘΑΝΑΣΙΟΣ,ΣΥΓ012,8,Earino,EUDOXUS,112696634,0,true
Ειδικά Θέματα Οδοποιίας,ΓΑΛΑΝΗΣ ΑΘΑΝΑΣΙΟΣ,ΣΥΓ012,8,Earino,EUDOXUS,33154221,1,true
Ειδικά Θέματα Οδοποιίας,ΓΑΛΑΝΗΣ ΑΘΑΝΑΣΙΟΣ,ΣΥΓ012,8,Earino,EUDOXUS,133033882,2,true
Οδική Ασφάλεια,ΜΙΚΙΚΗ ΦΩΤΕΙΝΗ,ΣΥΓ014,8,Earino,EUDOXUS,11038,1,true
Οδική Ασφάλεια,ΜΙΚΙΚΗ ΦΩΤΕΙΝΗ,ΣΥΓ014,8,Earino,EUDOXUS,9664,0,true
Περιβαλλοντικές Επιπτώσεις Συγκοινωνιακών Έργων,ΓΑΛΑΝΗΣ ΑΘΑΝΑΣΙΟΣ,ΣΥΓ015,8,Earino,EUDOXUS,41959119,0,true
Περιβαλλοντικές Επιπτώσεις Συγκοινωνιακών Έργων,ΓΑΛΑΝΗΣ ΑΘΑΝΑΣΙΟΣ,ΣΥΓ015,8,Earino,EUDOXUS,9764,1,true
Διαχείριση Υδατικών Πόρων και Πλημμυρικού Κινδύνου,ΜΙΧΑΗΛΙΔΗΣ ΚΩΝΣΤΑΝΤΙΝΟΣ,ΥΔΡ009,8,Earino,EUDOXUS,12718796,2,true
Διαχείριση Υδατικών Πόρων και Πλημμυρικού Κινδύνου,ΜΙΧΑΗΛΙΔΗΣ ΚΩΝΣΤΑΝΤΙΝΟΣ,ΥΔΡ009,8,Earino,EUDOXUS,77117411,1,true
Κυματομηχανική και Έργα Ανοικτής Θάλασσας,ΜΙΧΑΗΛΙΔΗΣ ΚΩΝΣΤΑΝΤΙΝΟΣ,ΥΔΡ011,8,Earino,EUDOXUS,94690348,0,true
Υδραυλική Περιβάλλοντος,,ΥΔΡ012,8,Earino,EUDOXUS,845,0,true
Διαχείριση Οδικών Έργων και Κυκλοφορίας,ΜΙΚΙΚΗ ΦΩΤΕΙΝΗ,ΣΥΓ013,8,Earino,EUDOXUS,9720,0,true
Διαχείριση Οδικών Έργων και Κυκλοφορίας,ΜΙΚΙΚΗ ΦΩΤΕΙΝΗ,ΣΥΓ013,8,Earino,EUDOXUS,112696634,1,true
Παράκτια Μηχανική και Λιμενικά Έργα,ΜΙΧΑΗΛΙΔΗΣ ΚΩΝΣΤΑΝΤΙΝΟΣ,ΥΔΡ013,9,Ximerino,EUDOXUS,94690348,0,true
Οργάνωση Εργοταξίου και Δομικές Μηχανές,ΓΑΛΑΝΗΣ ΑΘΑΝΑΣΙΟΣ,ΣΥΓ017,9,Ximerino,EUDOXUS,77109652,0,true
Οργάνωση Εργοταξίου και Δομικές Μηχανές,ΓΑΛΑΝΗΣ ΑΘΑΝΑΣΙΟΣ,ΣΥΓ017,9,Ximerino,EUDOXUS,77109712,1,true
Αντισεισμικός Σχεδιασμός Γεωτεχνικών Έργων,ΚΙΡΤΑΣ ΕΜΜΑΝΟΥΗΛ - ΦΩΤΟΠΟΥΛΟΥ ΣΤΑΥΡΟΥΛΑ,ΓΕΩ013,9,Ximerino,EUDOXUS,50659248,0,true
Αντισεισμικός Σχεδιασμός Γεωτεχνικών Έργων,ΚΙΡΤΑΣ ΕΜΜΑΝΟΥΗΛ - ΦΩΤΟΠΟΥΛΟΥ ΣΤΑΥΡΟΥΛΑ,ΓΕΩ013,9,Ximerino,EUDOXUS,11425,1,true
Γεωτεχνικές αστοχίες και Μέθοδοι Βελτίωσης Εδαφών,ΦΩΤΟΠΟΥΛΟΥ ΣΤΑΥΡΟΥΛΑ,ΓΕΩ014,9,Ximerino,EUDOXUS,33153307,2,true
Γεωτεχνικές αστοχίες και Μέθοδοι Βελτίωσης Εδαφών,ΦΩΤΟΠΟΥΛΟΥ ΣΤΑΥΡΟΥΛΑ,ΓΕΩ014,9,Ximerino,EUDOXUS,50660011,1,true
Γεωτεχνικές αστοχίες και Μέθοδοι Βελτίωσης Εδαφών,ΦΩΤΟΠΟΥΛΟΥ ΣΤΑΥΡΟΥΛΑ,ΓΕΩ014,9,Ximerino,EUDOXUS,122079920,0,true
Επισκευές-Ενισχύσεις Κατασκευών,ΠΑΝΑΓΟΠΟΥΛΟΣ ΓΕΩΡΓΙΟΣ,ΔΟΜ031,9,Ximerino,EUDOXUS,112694732,0,true
Επισκευές-Ενισχύσεις Κατασκευών,ΠΑΝΑΓΟΠΟΥΛΟΣ ΓΕΩΡΓΙΟΣ,ΔΟΜ031,9,Ximerino,EUDOXUS,86056685,1,true
Επισκευές-Ενισχύσεις Κατασκευών,ΠΑΝΑΓΟΠΟΥΛΟΣ ΓΕΩΡΓΙΟΣ,ΔΟΜ031,9,Ximerino,EUDOXUS,86193772,2,true
Επισκευές-Ενισχύσεις Κατασκευών,ΠΑΝΑΓΟΠΟΥΛΟΣ ΓΕΩΡΓΙΟΣ,ΔΟΜ031,9,Ximerino,EUDOXUS,112701512,3,true
Ελαστοπλαστική Ανάλυση Κατασκευών,ΔΡΟΣΟΠΟΥΛΟΣ ΓΕΩΡΓΙΟΣ,ΔΟΜ033,9,Ximerino,EUDOXUS,33153958,0,true
Ενεργειακός Σχεδιασμός Κτιρίων,ΔΑΝΙΗΛ ΜΑΡΙΑ,ΔΟΜ034,9,Ximerino,EUDOXUS,68371902,1,true
Ενεργειακός Σχεδιασμός Κτιρίων,ΔΑΝΙΗΛ ΜΑΡΙΑ,ΔΟΜ034,9,Ximerino,EUDOXUS,50662962,0,true
Σχεδιασμός και Λειτουργία Σιδηροδρομικών Συστημάτων,ΓΑΛΑΝΗΣ ΑΘΑΝΑΣΙΟΣ,ΣΥΓ016,9,Ximerino,EUDOXUS,11295,0,true
Σχεδιασμός και Λειτουργία Σιδηροδρομικών Συστημάτων,ΓΑΛΑΝΗΣ ΑΘΑΝΑΣΙΟΣ,ΣΥΓ016,9,Ximerino,EUDOXUS,45308,3,true
Σχεδιασμός και Λειτουργία Σιδηροδρομικών Συστημάτων,ΓΑΛΑΝΗΣ ΑΘΑΝΑΣΙΟΣ,ΣΥΓ016,9,Ximerino,EUDOXUS,59390769,1,true
Σχεδιασμός και Λειτουργία Σιδηροδρομικών Συστημάτων,ΓΑΛΑΝΗΣ ΑΘΑΝΑΣΙΟΣ,ΣΥΓ016,9,Ximerino,EUDOXUS,12867047,2,true
Σχεδιασμός και Λειτουργία Θαλάσσιων Συστημάτων,ΓΑΛΑΝΗΣ ΑΘΑΝΑΣΙΟΣ,ΣΥΓ018,9,Ximerino,EUDOXUS,15041,0,true
Σχεδιασμός και Λειτουργία Θαλάσσιων Συστημάτων,ΓΑΛΑΝΗΣ ΑΘΑΝΑΣΙΟΣ,ΣΥΓ018,9,Ximerino,EUDOXUS,12559142,1,true
Σχεδιασμός και Λειτουργία Θαλάσσιων Συστημάτων,ΓΑΛΑΝΗΣ ΑΘΑΝΑΣΙΟΣ,ΣΥΓ018,9,Ximerino,EUDOXUS,143564178,4,true
Σχεδιασμός και Λειτουργία Θαλάσσιων Συστημάτων,ΓΑΛΑΝΗΣ ΑΘΑΝΑΣΙΟΣ,ΣΥΓ018,9,Ximerino,EUDOXUS,12743,2,true
Σχεδιασμός και Λειτουργία Θαλάσσιων Συστημάτων,ΓΑΛΑΝΗΣ ΑΘΑΝΑΣΙΟΣ,ΣΥΓ018,9,Ximerino,EUDOXUS,22937,3,true
Σχεδιασμός και Λειτουργία Θαλάσσιων Συστημάτων,ΓΑΛΑΝΗΣ ΑΘΑΝΑΣΙΟΣ,ΣΥΓ018,9,Ximerino,EUDOXUS,143547568,5,true
Σχεδιασμός και Λειτουργία Αεροπορικών Συστημάτων,ΜΙΚΙΚΗ ΦΩΤΕΙΝΗ,ΣΥΓ019,9,Ximerino,EUDOXUS,86055658,2,true
Σχεδιασμός και Λειτουργία Αεροπορικών Συστημάτων,ΜΙΚΙΚΗ ΦΩΤΕΙΝΗ,ΣΥΓ019,9,Ximerino,EUDOXUS,12866947,1,true
Σχεδιασμός και Λειτουργία Αεροπορικών Συστημάτων,ΜΙΚΙΚΗ ΦΩΤΕΙΝΗ,ΣΥΓ019,9,Ximerino,EUDOXUS,143567102,3,true
Σχεδιασμός και Λειτουργία Αεροπορικών Συστημάτων,ΜΙΚΙΚΗ ΦΩΤΕΙΝΗ,ΣΥΓ019,9,Ximerino,EUDOXUS,122087848,0,true
Πολιτική Μεταφορών,ΓΑΛΑΝΗΣ ΑΘΑΝΑΣΙΟΣ,ΣΥΓ020,9,Ximerino,EUDOXUS,59390769,3,true
Πολιτική Μεταφορών,ΓΑΛΑΝΗΣ ΑΘΑΝΑΣΙΟΣ,ΣΥΓ020,9,Ximerino,EUDOXUS,11295,4,true
Πολιτική Μεταφορών,ΓΑΛΑΝΗΣ ΑΘΑΝΑΣΙΟΣ,ΣΥΓ020,9,Ximerino,EUDOXUS,22937,1,true
Πολιτική Μεταφορών,ΓΑΛΑΝΗΣ ΑΘΑΝΑΣΙΟΣ,ΣΥΓ020,9,Ximerino,EUDOXUS,122087848,2,true
Πολιτική Μεταφορών,ΓΑΛΑΝΗΣ ΑΘΑΝΑΣΙΟΣ,ΣΥΓ020,9,Ximerino,EUDOXUS,143564178,0,true
Υδραυλικές Κατασκευές & Φράγματα,ΚΟΚΚΙΝΟΣ ΑΓΓΕΛΟΣ,ΥΔΡ014,9,Ximerino,EUDOXUS,9780,0,true
Υδραυλικές Κατασκευές & Φράγματα,ΚΟΚΚΙΝΟΣ ΑΓΓΕΛΟΣ,ΥΔΡ014,9,Ximerino,EUDOXUS,77118601,1,true
Εγγειοβελτιωτικά Έργα – Αρδεύσεις,,ΥΔΡ015,9,Ximerino,EUDOXUS,41960118,0,true
Υδροδυναμική και Κατασκευές,,ΥΔΡ016,9,Ximerino,EUDOXUS,133024765,1,true
Υδροδυναμική και Κατασκευές,,ΥΔΡ016,9,Ximerino,EUDOXUS,86054605,0,true
Σύγχρονα ενεργειακά συστήματα θάλασσας,ΜΙΧΑΗΛΙΔΗΣ ΚΩΝΣΤΑΝΤΙΝΟΣ,ΥΔΡ017,9,Ximerino,EUDOXUS,94690348,0,true
Οικοδομική ΙΙ,ΒΛΑΧΟΝΑΣΙΟΥ ΕΛΕΝΗ,ΔΟΜ022,9,Ximerino,EUDOXUS,17440,2,true
Οικοδομική ΙΙ,ΒΛΑΧΟΝΑΣΙΟΥ ΕΛΕΝΗ,ΔΟΜ022,9,Ximerino,EUDOXUS,12425,0,true
Οικοδομική ΙΙ,ΒΛΑΧΟΝΑΣΙΟΥ ΕΛΕΝΗ,ΔΟΜ022,9,Ximerino,EUDOXUS,86198313,1,true
Σύμμικτες Κατασκευές,ΚΑΖΑΝΤΖΗ ΑΘΑΝΑΣΙΑ,ΔΟΜ036,9,Ximerino,EUDOXUS,77117458,0,true
Σύμμικτες Κατασκευές,ΚΑΖΑΝΤΖΗ ΑΘΑΝΑΣΙΑ,ΔΟΜ036,9,Ximerino,EUDOXUS,122076754,1,true
Σύμμικτες Κατασκευές,ΚΑΖΑΝΤΖΗ ΑΘΑΝΑΣΙΑ,ΔΟΜ036,9,Ximerino,EUDOXUS,13838,1,true
Αντισεισμικός Σχεδιασμός,ΚΑΖΑΝΤΖΗ ΑΘΑΝΑΣΙΑ,ΔΟΜ023,8,Earino,EUDOXUS,86193772,1,true
Αντισεισμικός Σχεδιασμός,ΚΑΖΑΝΤΖΗ ΑΘΑΝΑΣΙΑ,ΔΟΜ023,8,Earino,EUDOXUS,143556547,3,true
Αντισεισμικός Σχεδιασμός,ΚΑΖΑΝΤΖΗ ΑΘΑΝΑΣΙΑ,ΔΟΜ023,8,Earino,EUDOXUS,112694732,2,true
Αντισεισμικός Σχεδιασμός,ΚΑΖΑΝΤΖΗ ΑΘΑΝΑΣΙΑ,ΔΟΜ023,8,Earino,EUDOXUS,12534933,0,true
Γεφυροποιϊα - Τεχνικά έργα οδοποιίας,ΚΑΖΑΝΤΖΗ ΑΘΑΝΑΣΙΑ,ΔΟΜ032,9,Ximerino,EUDOXUS,13963,0,true
Γεφυροποιϊα - Τεχνικά έργα οδοποιίας,ΚΑΖΑΝΤΖΗ ΑΘΑΝΑΣΙΑ,ΔΟΜ032,9,Ximerino,EUDOXUS,59373750,1,true
Υπολογιστική Γεωτεχνική Μηχανική,ΚΙΡΤΑΣ ΕΜΜΑΝΟΥΗΛ - ΦΩΤΟΠΟΥΛΟΥ ΣΤΑΥΡΟΥΛΑ,ΓΕΩ015,9,Ximerino,EUDOXUS,13937,0,true
Φράγματα και χωμάτινες κατασκευές,ΚΙΡΤΑΣ ΕΜΜΑΝΟΥΗΛ - ΦΩΤΟΠΟΥΛΟΥ ΣΤΑΥΡΟΥΛΑ,ΓΕΩ016,9,Ximerino,EUDOXUS,68380141,1,true
Φράγματα και χωμάτινες κατασκευές,ΚΙΡΤΑΣ ΕΜΜΑΝΟΥΗΛ - ΦΩΤΟΠΟΥΛΟΥ ΣΤΑΥΡΟΥΛΑ,ΓΕΩ016,9,Ximerino,EUDOXUS,77118601,0,true
Αλληλεπίδραση Εδάφους-Κατασκευής,ΚΙΡΤΑΣ ΕΜΜΑΝΟΥΗΛ - ΦΩΤΟΠΟΥΛΟΥ ΣΤΑΥΡΟΥΛΑ,ΓΕΩ017,9,Ximerino,EUDOXUS,13937,0,true
Αλληλεπίδραση Εδάφους-Κατασκευής,ΚΙΡΤΑΣ ΕΜΜΑΝΟΥΗΛ - ΦΩΤΟΠΟΥΛΟΥ ΣΤΑΥΡΟΥΛΑ,ΓΕΩ017,9,Ximerino,EUDOXUS,59362731,1,true
Γεωλογία Μηχανικού,,ΓΕΩ001,3,Ximerino,EUDOXUS,94689555,0,true
Γεωλογία Μηχανικού,,ΓΕΩ001,3,Ximerino,EUDOXUS,112696567,2,true
Γεωλογία Μηχανικού,,ΓΕΩ001,3,Ximerino,EUDOXUS,133029958,3,true
Γεωλογία Μηχανικού,,ΓΕΩ001,3,Ximerino,EUDOXUS,112693647,1,true
Τεχνολογία Δομικών Υλικών Ι,,ΔΟΜ002,1,Ximerino,EUDOXUS,143557280,2,true
Τεχνολογία Δομικών Υλικών Ι,,ΔΟΜ002,1,Ximerino,EUDOXUS,112704727,1,true
Τεχνολογία Δομικών Υλικών Ι,,ΔΟΜ002,1,Ximerino,EUDOXUS,13875,0,true
Τεχνολογία Δομικών Υλικών ΙΙ,,ΔΟΜ005,2,Earino,EUDOXUS,143557280,2,true
Τεχνολογία Δομικών Υλικών ΙΙ,,ΔΟΜ005,2,Earino,EUDOXUS,13875,0,true
Τεχνολογία Δομικών Υλικών ΙΙ,,ΔΟΜ005,2,Earino,EUDOXUS,112704727,1,true
Οικοδομική Ι,,ΔΟΜ007,3,Ximerino,EUDOXUS,45371,0,true
Οικοδομική Ι,,ΔΟΜ007,3,Ximerino,EUDOXUS,59364934,2,true
Οικοδομική Ι,,ΔΟΜ007,3,Ximerino,EUDOXUS,17440,1,true
Οικοδομική Ι,,ΔΟΜ007,3,Ximerino,EUDOXUS,94642845,3,true
Τεχνική Μηχανική ΙΙ,,ΔΟΜ008,3,Ximerino,EUDOXUS,77107480,0,true
Περιβαλλοντική Τεχνική,ΤΣΟΧΑΤΖΙΔΗΣ,ΥΔΡ001,3,Ximerino,EUDOXUS,41959119,2,true
Περιβαλλοντική Τεχνική,ΤΣΟΧΑΤΖΙΔΗΣ,ΥΔΡ001,3,Ximerino,EUDOXUS,143567132,3,true
Περιβαλλοντική Τεχνική,ΤΣΟΧΑΤΖΙΔΗΣ,ΥΔΡ001,3,Ximerino,EUDOXUS,59374011,1,true
Περιβαλλοντική Τεχνική,ΤΣΟΧΑΤΖΙΔΗΣ,ΥΔΡ001,3,Ximerino,EUDOXUS,86054621,0,true