short_name,last_name,first_name,category,rank,subject,website_url,placeholder,notes
Κολιόπουλος,Κολιόπουλος,Παναγιώτης,ΔΕΠ,Καθηγητής,Στατική και δυναμική ανάλυση κατασκευών,https://www.civil.ihu.gr/staff/koliopoulos-panagiotis/,,
Βοζίκης,Βοζίκης,Χρήστος,ΔΕΠ,Αναπληρωτής Καθηγητής,,https://www.civil.ihu.gr/staff/vozikis-christos/,,
Γαλάνης,Γαλάνης,Αθανάσιος,ΔΕΠ,Αναπληρωτής Καθηγητής,Σχεδιασμός και Χάραξη Οδών,https://www.civil.ihu.gr/staff/galanis-athanasios/,,
Κίρτας,Κίρτας,Εμμανουήλ,ΔΕΠ,Αναπληρωτής Καθηγητής,Σεισμική συμπεριφορά και αλληλεπίδραση εδάφους-κατασκευής,https://www.civil.ihu.gr/staff/kirtas-emmanouil/,,
Μιχαηλίδης,Μιχαηλίδης,Κωνσταντίνος,ΔΕΠ,Αναπληρωτής Καθηγητής,Θαλάσσια Έργα,https://www.civil.ihu.gr/staff/michailides-constantine/,,
Δανιήλ,Δανιήλ,Μαρία,ΔΕΠ,Επίκουρος Καθηγητής,Αρχιτεκτονικός σχεδιασμός κτηρίων και δημόσιοι χώροι,https://www.civil.ihu.gr/staff/daniil-maria/,,
Δροσόπουλος,Δροσόπουλος,Γεώργιος,ΔΕΠ,Επίκουρος Καθηγητής,Δομική-υπολογιστική μηχανική,https://www.civil.ihu.gr/staff/drosopoulos-george/,,
Καζαντζή,Καζαντζή,Αθανασία,ΔΕΠ,Επίκουρος Καθηγητής,Σεισμική συμπεριφορά μεταλλικών κατασκευών,https://www.civil.ihu.gr/staff/kazantzi-athanasia/,,
Μίκικη,Μίκικη,Φωτεινή,ΔΕΠ,Επίκουρος Καθηγητής,Σχεδιασμός μεταφορών και συγκοινωνιακή τεχνική,https://www.civil.ihu.gr/staff/mikiki-foteini/,,
Φωτοπούλου,Φωτοπούλου,Σταυρούλα,ΔΕΠ,Επίκουρος Καθηγητής,Διακινδύνευση γεωτεχνικών έργων,https://www.civil.ihu.gr/staff/fotopoulou-stauroula/,,
Βλαχονάσιου,Βλαχονάσιου,Ελένη,ΔΕΠ,Λέκτορας,Αρχιτεκτονικός Σχεδιασμός και Οικοδομική − Αρχιτεκτονική Σχεδίαση,https://www.civil.ihu.gr/staff/vlachonasiou-helen/,,
Παναγόπουλος,Παναγόπουλος,Γεώργιος,ΔΕΠ,Λέκτορας,Αντισεισμικός Σχεδιασμός Δομικών Έργων,https://www.civil.ihu.gr/staff/panagopoulos-george/,,
Λιαλιαμπής,Λιαλιαμπής,,ΔΕΠ,,,,,"Πρώην μέλος ΔΕΠ, εξακολουθεί να διδάσκει"
Παπαϊωάννου,Παπαϊωάννου,,ΔΕΠ,,,,,"Πρώην μέλος ΔΕΠ, εξακολουθεί να διδάσκει"
Ιωάννου,Ιωάννου,Ηλέκτρα,ΕΔΙΠ,,,https://www.civil.ihu.gr/staff/ioannou-ilektra/,,
Πανταζής,Πανταζής,Ηλίας,ΕΔΙΠ,,,https://www.civil.ihu.gr/staff/pantazis-elias/,,
Δημητρακάκης,Δημητρακάκης,Κωνσταντίνος,ΕΤΕΠ,,,https://www.civil.ihu.gr/staff/dimitrakakis-konstantinos/,,
Σαφούρη Χρ.,Σαφούρη,Χριστίνα,ΕΤΕΠ,,,https://www.civil.ihu.gr/staff/safouri-christine/,,
Αναστασιάδης,Αναστασιάδης,Άνθιμος,ΕΚΤΑΚΤΟΣ,,Structural analysis and design of constructions,https://www.civil.ihu.gr/staff/anastasiadis-anthimos/,,
Αποστολάκη,Αποστολάκη,Στεφανία,ΕΚΤΑΚΤΟΣ,,Computational & Seismic Geotechnical Engineering,https://www.civil.ihu.gr/staff/apostolaki-stefania/,,
Αυγέρης,Αυγέρης,Λουκάς,ΕΚΤΑΚΤΟΣ,,,https://www.civil.ihu.gr/staff/avgeris-loukas/,,
Καλαμάκης,Καλαμάκης,Νικόλαος,ΕΚΤΑΚΤΟΣ,,"Geodesy, Geographic Information Systems",https://www.civil.ihu.gr/staff/kalamakis-nikolaos/,,
Καπαγιαννίδης,Καπαγιαννίδης,Αναστάσιος,ΕΚΤΑΚΤΟΣ,,"Environmental Technology, Waste Management",https://www.civil.ihu.gr/staff/kapagiannidis-anastasios/,,
Κοκκαλά,Κοκκαλά,Αλίκη,ΕΚΤΑΚΤΟΣ,,"Engineering Geology, Soil-Rock Mechanics",https://www.civil.ihu.gr/staff/kokkala-aliki/,,
Κόκκινος,Κόκκινος,Άγγελος,ΕΚΤΑΚΤΟΣ,,,https://www.civil.ihu.gr/staff/kokkinos-aggelos/,,
Μαραγκός,Μαραγκός,Νικόλαος,ΕΚΤΑΚΤΟΣ,,,https://www.civil.ihu.gr/staff/maragos-nikolaos/,,
Μπακάλης,Μπακάλης,Αθανάσιος,ΕΚΤΑΚΤΟΣ,,,https://www.civil.ihu.gr/staff/mpakalis-athanasios/,,
Σαπίδης,Σαπίδης,Γεώργιος,ΕΚΤΑΚΤΟΣ,,,https://www.civil.ihu.gr/staff/sapidis-georgios/,,
Σαφούρη Γ.,Σαφούρη,Γεωργία,ΕΚΤΑΚΤΟΣ,,,https://www.civil.ihu.gr/staff/safouri-georgia/,,
Σωτηριάδης,Σωτηριάδης,Δημήτριος,ΕΚΤΑΚΤΟΣ,,,https://www.civil.ihu.gr/staff/sotiriadis-dimitrios/,,
Τσιαράπας,Τσιαράπας,Αθανάσιος,ΕΚΤΑΚΤΟΣ,,,https://www.civil.ihu.gr/staff/tsiarapas-athanasios/,,
Τσοχατζίδης,Τσοχατζίδης,Νικόλαος,ΕΚΤΑΚΤΟΣ,,"Environmental Engineering, Renewable Energy",https://www.civil.ihu.gr/staff/tsochatzidis-nikolaos/,,
Φαναραδέλλη,Φαναραδέλλη,Θεοδώρα,ΕΚΤΑΚΤΟΣ,,,https://www.civil.ihu.gr/staff/fanaradelli-theodora/,,
ΔΕΠ,ΔΕΠ (όλα τα μέλη),,ΑΛΛΟ,,,,1,"Ψευδο-διδάσκων για μαθήματα που διδάσκουν όλα τα μέλη ΔΕΠ (π.χ. ΓΕΝ009, ΓΕΝ010)"
